Meaning	Indo-European/ Spanish [spa]	Sino-Tibetan/ Mandarin Chinese [cmn]	Niger-Congo/ Yoruba [yor]	Afro-Asiatic/ Egyptian Spoken Arabic [arz]	Austronesian/ Javanese [jav]	Dravidian/ Telugu [tel]	Turkic/Turkish [tur]	Japonic/ Japanese [jpn]	Austroasiatic/ Vietnamese [vie]	Tai-Kadai/ Thai [tha]	Koreanic/ Korean [kor]	Nilo-Saharan/ Dholuo [luo]	Uralic/ Hungarian [hun]	Hmong-Mien/ Chuanqiandian Cluster Miao [cqd]	Quechuan/ South Bolivian Quechua [quh]	Mongolic/ Peripheral Mongolian [mvf]	N Caucasian/ Kabardian [kbd]	Mayan/ Kʼicheʼ [quc]	Tupian/ Paraguayan Guarani [gug]	Kartvelian/ Georgian [kat]	Trans-New Guinea/ Enga [enq]	Uto-Aztecan/ Eastern Huasteca Nahuatl [nhe]	Aymaran/ Central Aymara [ayr]	Otomanguean/ Meqzuital Otomi [ote]	Maipurean/ Wayuu [guc]	Basque/ Basque [eus]	Chibchan/ Ngäbere [gym]	Totonacan/ Highland Totonac [tos]	Khoe-Kwadi/ Khoekhoe [naq]	West Papuan/ Galela [gbi]	Mapudungu/ Mapudungun [arn]	Tarascan/ Western Highland Purepecha [pua]	Algic/ Woods Cree [cwd]	Eyak-Athabaskan/ Navajo [nav]	Mixe-Zoquean/ Highland Popoluca [poi]	Sepik/ Ambulas [abt]	Misumalpan/ Mískito [miq]	Jivaroan/ Shuar [jiv]	Chocoan/ Northern Emberá[emp]	Torricelli/ Bukiyip [ape]	Kxʼa/ Northwestern !Kung [vaj]	Eskimo-Aleut/ Greenlandic [kal]	Burushaski/ Burushaski [bsk]	East Birdʼs Head-Sentani/ Sentani [set]	South Bougainville/ Terei [buo]	Cariban/ Macushi [mbc]	Ramu-Lower Sepik/ Ap Ma [kbx]	Paezan/ Páez [pbb]	Matacoan/ Wichí Lhamtés Vejoz [wlv]	Sandawe/ Sandawe [sad]	Tungusic/ Xibe [sjo]	Guaykuruan/ Toba [tob]	Ticuna/ Ticuna [tca]	Jean/ Kaingang [kgp]	Australian/ Pitjantjatjara [pjt]	Guajiboan/ Guahibo [guh]	Panoan/ Shipibo-Conibo [shp]	Yanomaman/ Yanomamö [guu]	Tucanoan/ Tucano [tuo]	Warao/ Warao [wba]	Barbacoan/ Awa-Cuaiquer [kwi]	Maybrat/ Mai Brat [ayz]	Sálivan/ Piaroa [pid]	Border/ Amanab [amn]	Muskogean/ Choctaw [cho]	Iroquoian/ Cherokee [chr]
1SG pronoun	ɟʝ.o	u.ə	m.o	ʔ.a.n.a	a.k.u	n.eː.n.u	b.e.n	w.a.t.a.s.i	t.o.j	tʃʰ.a.n	n.a	a	eː.n	k.o	ɲ.u.q.a	b.iː	s.ə	i.n	ʃ.e	m.e	n.ɑ.mb.ɑ	n	n.a.j.a	n.u.ɡ.a	t.a.j.a	n.i	t.i		t.a	ŋ.o.h.i	ɪ.ɲ.tʃ.ë	x.i	n.iː.ð.a	ʃ.i	ʔ.ɨ.ts	w.u.n.ə	j.a.ŋ	x.ɨ.a	m.ʉ̃		m.a	u.w.a.ŋ.a	dʑ.a	d.a	n.e	u.u.r.ɨ	n.ɨ.b.a	a.ndʲ	ˀn.ɬ.a.m	tʃ.i	b.i	a.j.e.m	tʃ.a.m.a.ʔ	i.d.ɲ	ŋ.a.j.u.l.u	x.a.n.ɨ̃	ɯ.a	j.a	j.ɨ̰.ɨ	i.n.e	n.a	dz.o	t.x.ɨ.ʔ	k.a	a.n.o.ʔ	a.j.a
2SG pronoun	t.u	n.i	o	ʔ.i.n.t.a	k.o.w.e	n.u.w.w.u	s.e.n		m.a.j	tʰ.ə	n.ʌ	i.n	t.ɛ	k.ɑo	q.a.m	tʃʰ.iː	w.ə	a.t	n.e	ʃ.e.n	e.mb.ɑ	t	x.u.m.a	n.u.ʔ.i	p.i.a	s̥.u	m.o	w.ḭ.ʃ	s	ŋ.o.n.a	ë.j.m.ɪ	tʰ.u 	k.iː.ð.a	n.i	m.i.ts	ɲ.ə.n	m.a.n	a.m.ɨ	b.ʉ		b.a	i.ɬː.i.t	u.n	w.a	r.o	a.m.ɨ.r.ɨ	w.u.n.ɡ.a	i.ndʲ	a.m	h.a.p.u	s.i	ʔ.a.m	k.u.ʔ.ɨ	ɐ̃	n̻.u.n.t.u	x.a.m.ɨ̃	m.i.a	w.a	b.ɨ̰.ɨ	i.h.i	n.u	ɲ.o	k.u.ʔ	n.e	tʃ.i.ʃ.n.o.ʔ	n.i.h.i
3SG pronoun	e.l	tʰ.a	o	h.u.w.w.a	ɖ.ɛ.w.ɛ.k.e	a.t.a.n.u	o		n.ɔ	kʰ.a.w		ɛ.n	øː	n.i	p.a.j		a.r	a.r.e.ʔ	x.a.ʔ.e	i.s	mb.ɑ.ɑ	j	x.u.p.a	ɡ.e.ʔ.ã	ʃ.i.a	a.ɾ.e.k	i.w.e	w.a̰	ǁ.ĩ.ĩ	u.n.a	f.ë.j	i.m.a	w.iː.ð.a	p.i	h.ɛ.ʔ	l.ə	b.a	a.u	i.dʒ.i		h.a	u.n.a	n.e	n.a	a.k.o	m.ɨ.ɨ.k.ɨ.r.ɨ	m.ɨ.b.a	kʲ.ã.ã	ɬ.a.m	h.e.s.u	t.ə.r.ə	m.a.ʒ.e	n.ɨ.m.a.ʔ	f.i	p.a.l.u.ɽ.u	p.o.n.ɨ̃	h.a	p.ə	k.ɨː	t.a.o	u.s	a.i.t	j.a.x.u.x	e.h.e		n.a.s.k.i
ant	o.ɾ.m.i.ɡ.a	m.a.i	ɛ.ɛ.r.a	n.a.m.l	ʂ.ə.m.u.t	tʃ.iː.m.a	k.a.ɾ.ɯ.n.dʒ.a	a.r.i	k.i.ɘ.n	m.o.t	ɡ.e.m.i	b.i.j.e	h.ɔ.n.ɟ.ɔ	ɳʈʂ.ou	s.i.kʼ.i.m.i.r.a		χʷ.m.pˀ.ə.tsˀ.ə.dʒ	s.a.n.i.k	a.k.e.k.ẽ	tʃʼ.i.a.n.tʃʼ.v.e.l.a	ɑ.ɽ.u.m.ɑ.ɽ.i	ɑ.ʃ.k.a.n.eː.l.i	kʼ.i.s.i.m.i.r.a	ʃ.ã.x.ɨ	x.e.j.uː	s̥.i.n.a.u.r.i	ŋ.a.ɲ.a	tʃ.aː.n	ǂ.o.w.e.ɾ.u	ɡ.u.l.u.d.u	k.ö.ʎ.ɜ.ʎ.ɜ	ʃ.ɨ.r.u.k.i	iː.ð.i.k		h.a.h.ts.u.k		p.a.p.u	tʃ.i.n.k.i.a.m.a.r	k.a.a.b.u.d.ɨ.dʼ.ɨ		‼.u.‼.u	u.n.i.j.aː.l.u.k	p.i.l.i.l.i	n.u.m.b.ɛ	k.u.n.n.a	m.i.h.k.ɨ	j.i.l.i	kʰ.ãˀ.kʰ.ã	s.i.w.a.n̥.a.s	p.ã.b.u	j.ə.r.x.u.v.ə	q.a.ɡ.e.s.a.q	d.u.ɾ.u	p.e.t.k.ɾ.i.ɡ.ŋ	m.i.ŋ.a	a.m.ã.ĩ	i.β.o	k.o.j.e	b.e.k.a	m.u.h.a	i.m	i.i	i.ʔ.ts.o.t.ɨ.x	h.o.m.p	ʃ.u.k.a.n.i	t.o.s.ə.t.a.ɬ.i
arm/hand	b.ɾ.a.θ.o	p.i	a.kp.a	d.i.ɾ.aː.ʕ	l.ə.ŋ.ə.n	tʃ.e.j.j.i	k.o.l̴	ɯ.d.e	t.a.j	kʰ.ɛː.n	pʰ.a.l	b.a.t	k.ɔ.r	t.e	m.a.k.i	k.a.r	ʔ.ə	qʼ.a.b	dʲ.ɨ.ʋ.a	m.kʼ.l.a.v	k.i.ŋɡ.i	m.a.h	a.m.p.a.r.a	ʔ.j.æ.	a.t.ɨ.n.a	b.e.s.o	k.i.s.e	m.a.k.a	ǁˀ.õ.ã	ɡ.i.a	l.ɪ.p.ɜ.n	x.a.kʰ.i	s.p.i.t.w.a.n	k.aː.n	h.a.ʔ.ŋ.k.u	t.aː.mb.a	m.i.t.a	ɨ.w.ɨ.x	h.ʉ.w.a.a		‼.h.ã	t.a.l.ɜ.q	ɕ.a.k	m.ə	a.k.u	j.e.m.e.h.k.ɔ.n	l.a.p.o.n.ɡ	k.u.s.e	t.kʷ.e	tlʼ.ũ.ũ	ɢ.a.l.a	w.a.q	tʃ.a.k.ɨ.ʔ.ɨ	n.ĩ.ŋ.e	m.i.ɳ.a	k.o.b.eː	m.ɯ	i.m.i.k.ɨ	a.b.u	h.a.ɾ.a	t.ʃ.ɨ̥.t.t.i	n.a.t.e.m	tʃ.u.x.m.u.ɨ.x	n.i.ŋ.a	i.b.b.a.k	kʰ.a.n.o.k.e.n.i
ash	θ.e.n.i.θ.a	h.u.ə.i	ɛ.ɛ.r.u	ɾ.a.m.aː.d	a.w.u	b.uː.ɽ.i.d.a	c.y.l̴	h.a.i	tɕ.ɔ	tʰ.a.w	dʑ.e	b.u.r.u	h.ɔ.m.u	ʈʂʰ.ou	u.tʃ.pʰ.a	u.n.s	j.a.ʑ.ə	tʃ.a.x	k.u.s.u.ɰʷ.e		i.t.ɑ.t.e		qʰ..i.ʎ.a	ʔ.b.o.s.p.i	p.a.ɺ.i.ʔ.i	a.u.ts̺	ŋ.u.b.r.ũ	ɬ.k.a̰.k.a̰	ts.a.o	ɡ.a.a.p.o		t.r.u.f.k.e.n	p.i.h.k.o.t.iː.w	ɬ.eː.ʃ.tʃʼ.i.h		mb.a.w.u	j.a.m.p.u.s	j.u.n.k.u.n.i.m	n.t.a.r.r.a		ɡǁ.o.h.a	a.r.s.a.t	pʰ.e.t	o.d.o.w.a.j	p.e.u	r.u.n.ɨ.p.ɨ	w.o.k.a	kʰ.u.u.ts		!ʼ.u.pʰ.a	f.u.l.ə.ŋ.ɡ.i	h.a.l.o	n.a.ʔ.ɨ̃.p.a	m.b.ɾ.ɛ̃.j	i.p.a	iː.p.u.m.ã.n.ã	tʃ.i.i.m.a.p.o		d.o.h.a	h.e.h.u.h.u	i.m	b.o.x	a.ɲ.a.ɾ.i.ʔ.ts.a.ʔ	s.u.m.o.f	ʃ.i.n.a.p	k.o.s.t.ɨ
back	e.s.p.a.l.d.a	p.ə.i	ɛ.j.i.n	dˤ.a.h.ɾ	ɡ.ə.ɡ.ə.ɽ	w.e.n.n.u	a.ɾ.k.a	s.e	l.ɯ.ŋ	l.a.ŋ	d.ɨ.ŋ	t.o.k	h.aː.t	e	w.a.s.a	n.ʊ.r.ʊː	t.x.i	r.i.x	k.u.p.e	z.u.r.ɡ	m.ɑ.i.t.ɑ		a.t.i	ʃ.ɨ.t.h.a	a.s.a.p.ɨ	b.i.s̥.k.a.r	t.ɾ.ɤ		ŋ̊ǁˀ.ã.ã	d.u.d.u	f.ʊ.ʐ.ɪ	k.o.p.a.ɽ.a.kʷ.a	s.p.i.s.k.w.a.n		t.u.ʔ.ɲ.i	mb.u.t.ŋɡ.u.l	n.i.n.a	t.u.n.t.u.p	ẽ.ŋ.k.a.r.r.a		!.o.b.e	q.a.ts.i.ɣ.a.k	w.a.l.d.e.s	m.o.k.o.d.u	n.o.m.o	m.ɔ.p.ɔ	l.o.m.o.t	ts.i.ndz	t.o.w̥.u	dʒ.a.n.dʒ.a	f.i.s.a	l.a.q	a̰.ʔ.w.ḛ	p.ɐ̃.n.ĩ	t̻.a.ɳ.a	h.u.m.ã	p.ɯ.k.a	h.ə.m.a.p.ɨ	s.ḛ̃.e.b.a̰	d.a.i	p.u.n.s.ɨ̥		tʃ.u.ɾ.u.ʔ.p.ɛ.x.k.e.x	m.a.s.i.ɡ	n.a.l.i.ʔ	k.a.s.o.h.i
big	ɡ.ɾ.a.n	t.a	n̩.l.a	k.i.b.iː.ɾ	ɡ.ə.ɖ.e	p.e.d.d.a	i.ɾ.i	oː.k.i	t.ɔ	j.a.j	kʰ	m.a.ŋ.ɔ.n.ɡ.ɔ	n.ɔ.ɟ	l.o	h.a.t.u.n	i.x	i.n	n.i.m	e.ɾ.a.d.o	d.i.d.i	ɑ.nd.ɑ.k.e	w.eː.i	x.a.tʃʼ.a	d.ã.n.ɡ.i	m.i.j.o.ʔ.u	a.u.n.d.i	k.ɾ.i	t.l.a.n.k.a̰	k.a.i 	l.a.m.o	f.ɘ.tʃ.ɜ	kʰ.e.n.i	m.i.s.i.k.i.t.iː	ts.o	m.ɨ.h	a.p.a.k.ə.l.ə	t.a.r.a	uː.n.t	o.a.i.b.ʉ.a		!.a.ŋ	a.ŋ.i.s.ɔː.q	n.j.u	k.a.b.a.m	e.k.e	k.u.r.e.h.n.a.n	ɲ.a.a.m	w.a.l.a	w.e.fʷ	b.a.ʔ	a.m.b.a		t.a	e.x.e	p.u.ɭ.k.a	p.i.n.ĩ.h.ĩ	a.n.i	p.a.t.a	p.a.h.i	i.ɾ.a	k.a.t.s.a	m.a.b.o.x	ɾ.i.a.ʔ.a.ʔ	k.w.a.n.i.a	tʃ.i.t.o	e.kʰʷ.a
bird	a.b.e	n.i.a.u	e.j.e	tˤ.eː.ɾ	m.a.n.u.k	k.iː.ɾ.a.m	k.u.ʃ	t.o.r.i	tɕ.i.m	n.o.k	sʰ.e	w.ɪ.ɲ.ɔ	m.ɔ.d.aː.r	n.o.ŋ	pʼ.i.s.q.u	ʃ.ʊ.p.ʊː	qʷ.a.l.ə.b.z.w		ɰʷ.ɨ.ɾ.a	pʰ.r.i.n.v.e.l	j.ɑ.k.ɑ	t.oː.t.oː	x.a.m.a.tʃʼ.i	tsʼ.i.n.tsʼ.ɨ	w.u.tʃ.iː	tʃ.o.ɾ.i	n.u.k.u.o	s.p.uː.n	a.n.i	n.a.m.o	ɘ.ɲ.ɘ.m	kʷ.i.n.i	p.i.ð.iː.s.iː.s	ts.i.d.iː	h.ɔ.n	a.p.i	t.n.a.w.i.r.a	n.a.n.a.m.t.i.n	ĩ.m.b.a.n.a		tʃˀ.a.m̩	ts.i.mː.i.j.a.q	ʈʂ.e.n	a.j.e	p.e.r.e.k.u.p.a	t.ɔ.r.ɔ.n	a.w.o.n	β.i.tsʲ.a.k.w.e	ʔ.a.fʷ.e.n.tʃ.e	tʰ.i.w.i	ɢ.a.s.χ.a	q.o.j.o	w.e.ɾ.i	ʃ.i.k.ɾ.e	t̻.u.ɭ.p.u	b.a.ʐ.a.ts.u.i	i.ʂ.a	k.i.r.i.t.a.m.ɨ	b.i.d.i.k.ɨ̃.h.ɨ	d.o.m.u	ʃ.i.t.ʃ.u	r.u	p.x.i.ʔ.j.u.ɛ.ʔ	t.u.w.a.f.i.ɡ	h.o.ʃ.i.ʔ	tsʰ.i.s.kʰʷ.a
bitter	a.m.a.ɾ.ɡ	kʰ.u	k.o.r.o	m.u.ɾ.ɾ	p.a.i.t	tʃ.eː.d.u	a.dʒ.ɯ	n.i.ɡ.a	ɗ.ă.ŋ	kʰ.o.m	s	m.a.k.e.tʃ	k.ɛ.ʃ.ɛ.r.u	a	tʃ.a.q.a.q	k.a.ʃ.ʊː.n	d.i.dʒ	kʼ.a	x.e.ʔ.ẽ.mb.ɨ	m.tsʼ.a.r.e	k.ɑ.ɑ		kʼ.a.ʎ.kʼ.u	ɲ.u	i.ʃ	s̺.a.m.i.n		ʃ.ṵː.n	a.u	m.a.l.i	m.ʊ.k.ɘ.r	kʰ.a.m.e.r.i	w.iː.s.a.k.w.a.n		t.a.m	ɲ.ə.ŋɡ.i	t.a.x.p.l.a	j.a.p.a	o.r.e.ɡ.e.a		ɡ!.a.ʔ.a	s.u.ŋ.ɑ.nː.i.p	q.a.q.a.m	f.e.a.r.ə	a.p.a.r.a	m.a.i.h	e.p.o	j.aʰ	t.a.p.a.j	tlʼ.w.e.e	ɢ.o.s.i.χ.o.n	tʃ.i.m	ŋ.u.tʃ.ḭ.ʔ.a	f.a		a.ts.a.x.a	m.o.k.a	k.o.a.m.i	s.ɨ̃.e	a.h.e.ɾ.a		m.t.a.x		m.i.a.k.l.a	t.a.k.b.a.h	ɨ.j.ə.s.t.i
black	n.e.ɡ.ɾ	x.ə.i	d.u.d.u	ʔ.e.s.w.i.d	i.ɽ.ə.ŋ	n.a.l.l.a	k.a.ɾ.a	k.ɯ.r.o	ɗ.ɛ.n	d.a.m	k.a.m.a	t.e.ŋ	f.ɛ.k.ɛ.t.ɛ	tɬ.o	j.a.n.a	x.a.r	fˀ.i.tsˀ.ə	qʼ.e.q	x.ũ	ʃ.a.v	p.u.mb.u.t.i		tʃʼ.i.j.a.r.a	m.b.o.i	m.ɨ.tʃ.iː.j.a	b.e.l.ts̥	d.ɾ.u.n.e	ts.ḭ.ts.a̰.q.a	ŋǂ.u.u	t.a.r.o	k.ʊ.r.ɘ	t.u.ɽ.i.p.i.t.i	k.a.s.k.i.t.iː.w.i	ʃ.ĩː.ɬ	j.ɨ.k	ŋɡ.ə.l.ə	s.i.k.s.a	m.u.k.u.s.a	pʰ.a.i.m.a		dʒ.o	q.ɜ.nː.ɜ.tː.o.q	m.a.t.u.m	n.o.k.o.m.o.m	m.u.u	r.i.k.u.t.u.n	b.u.n.d	k.h.ũ.tsʲ	tʃ.a.l.a.χ	kʼ.a.ŋ.kʼ.a.r.a	s.a.χ.a.l.	n.a.w.e.ʔ	w.ḛ̃.ʔ.ḛ̃	ʃ.ɐ	m.a.ɽ.u	h.i.a.l.i	tʃ.ɯ.ʂ.ɯ	i.ʃ.ĩ	s.ɨ.d.i	a.n.a	t.ɨ.l	s.a.ɸ.e	ɨ.n.ɨ.k.u.a.ʔ	j.i.m.i.l.i.ɡ	l.o.s.a	k.ə.n̥.a.k.e
blood	s.a.n.ɡ.ɾ.e	ɕ.i.e	e.dʒ.e	d.a.m.m	ɡ.ə.t.i.h	ɾ.a.k.t.a.m	k.a.n	t.i	m.ă.w	l.ʉ.a.t	pʰ.i	r.ɛ.m.ɔ	v.eː.r	ɳʈʂʰ.a.ŋ	j.a.w.a.r	tʃ.ʊ.s	ɮ.i	k.i.kʼ	t.u.ɰ.u.ɨ	s.i.s.x.l	t.ɑ.e.j.o.k.o	e.s	w.i.l.a	x.i	i.ʃ.a	o.d.o.l	d.o.r.i	q.a̰.ɬ.n.ḭ	ŋ̊ǀˀ.a.o	a.u	m.ö.ʎ.f.ɘ.n	j.u.ɽ.i.r.i	m.i.h.k.w	t.i.ɬ		w.ə.ɲ	t.a.l.a	n.u.m.p.a	o.a		n‼.oˤ.l.u	aː.k	m.u.l.t.a.n	h.a	i.n.n.a	m.ɨ.n	s.ɨ.l.ɨ.j.e.n	e	ʔʷ.i.j.i.s	!ʼ.a.a.k.a	s.ə.ŋ.ɡ.i	t.a.ɡ.o.ʔ.q	ɡ.ɨ	k.ɨ.ɡ.ŋ.ɡ.w.e.d.ɲ	m.i.l.k.a.ɭ.i	h.a.n.ã	h.i.m.i	i.ə̃	d.iː	h.o.t.u	a.j.m.p.i	m.e.s		t.a.f	i.s.s.i.ʃ	k.i.k.ə
bone	w.e.s.o	k.u	ɛ.ɛ.ɡ.ũ	ʕ.a.dˤ.m	b.a.l.u.ŋ	e.m.o.k.a	c.e.m.i.c	h.o.n.e	s.ɯə.ŋ	k.r.a.d.uː.k	p.j.ʌ	tʃ.o.ɡ.o	tʃ.o.n.t	tsʰ.a.ŋ	t.u.ʎ.u	j.a.s	qʷ.p.ɕ.ħ.ə	b.a.q	k.ã	dz.v.a.l	k.u.ɽ.i	o.m.i	tʃʼ.a.kʰ..a	n.d.o.ʔ.j.o	x.iː.p.ɨ	e.s̥.u.r		l.u.k.u.t	ǂχ.o.o	k.o.b.o	f.ö.ʐ.ö	u.n.i	s.k.a.n	tsʼ.i.n	p.a.k	a.p.a	d.u.s.a	u.k.u.n.tʃ	b.ɨ.b.ɨ.rʼ.ɨ		!ʔ.u	s.aː.n.ɜ.q	t.e.n	b.o	k.a.a.n.a	j.e.h.p.ɨ.t.ɔ.n	a.m.o	dʲ.iˀ.tʰ	ɬ.e.tʃʔ.e	!.i	ɡ.i.r.a.ŋ.ɡ.i	p.i.ʔ.i.n.e.k	tʃ.i.n.a̰.ʔ.ã	k.u.k.a	t.a.r.k.a	p.e.s.ɨ	ʂ.a.o	ũ	õ̰.a	m.u.h.u	t.ʃ.ɨ̥	m.t.a.i	i.ʔ.w.e.k.ʔ.a.ʔ	k.i.ɡ	f.o.n.i.ʔ	k.o.ɬ.a
breast	s.e.n.o	ʐ.u	ɔ.m.u	s.i.d.ɾ	ʂ.u.ʂ.u	ɽ.o.m.m.u	ɟ.œ.y.s	t.i.t.i	v.u	tʰ.a.n	dʑ.ʌ.dʑ	θ.u.n.o	m.ɛ.l.l	m.i	ɲ.u.ɲ.u	m.oː.m	b.ʁ.ə		p.ɨ.t.i.ʔ.a	m.kʼ.e.r.d	ɑ.n.d.u		ɲ.u.ɲ.u	ʔ.b.a	a.r.uː.w.a.i.n	b.u.l.a.r	b.r.u.k.u	k.ṵ.ʃ.m.uː	s.a.m	m.a.m.a.t.a	m.ö.j.ö	i.ts.u.kʷ.a	t.oː.h.t.oː.s.i.m	ɣ.i.t	n.uː.n.u	m.u.ɲ.aː	t.i.a.l.k.a	m.u.n.t.s.u	h.u		ʃ.a.m̩	a.m.aː.m.a.ɣ.a.q	m.a.m.u	n.i.m.ə	n.u.t.u	m.a.n.h.t.ɨ	t.o.m.b.o.n.ɡ	p.e.tsʲ.u	tʔ.a.t.e	ǀʼ.i.n.a	x.u.x.u.n	t.o.ɡ.e	m.i.ʔ.ĩ	n.ũ.ŋ.ɡ.j.ɛ	i.p.i	m.ĩ.ĩ	ʂ.o	p.a.r.ɨ.k.ɨ	k.u.t.i.d.o	m.e.h.o	ʃ.i.t.ʃ.u	m.a.s.i.s	k.a.x.t.ɛ.t.e.h	t.u.t	i.p.ĩ.ʃ.i.k	k.a.n.e.tsʰ.i
child (kin term)	i.x	ə.ɹ̩	ɔ.m.ɔ	ʕ.a.j.j.i.l 	b.o.tʃ.a.h	p.i.l.l.a	tʃ.o.dʒ.u.k	k.o	k.ɔ.n	d.e.k	a.i	m.ɪ.h.i.a	ɟ.ɛ.r.ɛ.k	ɲ.ua	u.s.u.s.i	x.uː	s.a.b.i.j	r.a.l	ɾ.a.ʔ.a	b.a.v.ʃ.v	w.ɑ.n.e	k.o.n.eː	pʰ.u.tʃʰ.a	m.e.ts.i	a.tʃ.o.n	u.m.e	ŋ.o.b.r.i.õ	k.a.m	ǀ.o.a	ŋ.o.p.a	p.ɘ.ɲ.ë.ɲ	w.a.ts.ɨ	a.w.aː.s.i.s	ʔ.a.ɬ.tʃʰ.i.n.i	m.aː.n.ɨ.k	ɲ.aː.ŋ.u.s.ə	l.u.p.a		k.a.u		d.a.b.a	m.ɜː.ʁ.ɑ.q	d.u.l.a.s	f.a	i.t.e	m.a.n.ɔ.n	b.e	n.tsʲ.iˀ.k	ɬ.o.s	ǁn.o	ɖʐ.u.i.	j.a.l	b.u.ʔ.ɨ̃	k.ɾ.ɛ̃	k.a.t̻.a	x.i	β.a.k.ɯ	t.ə.ə	b.a.k	n.o.b.o.t.o	p.a.ʃ.p.a	k.u	ɨ.x.t.ɨ.x	l.u.w.a.l	o.ʃ.i.ʔ	a.j.o.l.i
dog	p.e.r	k.ə.u	a.dʒ.a	k.l.b	a.ʂ.u	k.o.k.k.a	c.œ.p.e.c	i.n.ɯ	tɕ.ɔ	s.u.n.a.k	ɡ.e.m.i	ɡ.w.ɔ.k	k.u.c.a	tɬ.e	a.ʎ.q.u	n.ɔ.x.œː	ħ.ə	tsʼ.i.ʔ	dʲ.a.ɰʷ.a	dz.a.ɣ.l	j.ɑ.n.ɑ	tʃ.i.tʃ.i	a.n.u	ts.a.tʼ.j.o	e.r.ɨ	s̥.a.k.u.r	n.u	k.o.t.u.a̰	a.ɾ.i	k.a.s.o	ʈʂ.ë.w.ɜ	w.i.tʃ.u	a.s.t.i.m.w	ɬ.eː.tʃʰ.ãː.ʔ.i	ts.i.m.p.a	w.aː.s.a	j.u.l	j.a.w.a	u.s.a		ɡ‼ʰ.o.e	q.i.mː.ɜ.q	h.u.k	j.o.k.u	m.a.i.k.u.n.a	a.r.i.m.a.r.a.a.k.a	l.u.d.ɨ.m.a	a.l.k.u	a.s.i.n.o.χ	k.a.a.k.a	i.n.d.a.χ.ɔ.n	p.j.o.q	a.i.ɾ.u	k.a.ʃ.o.ɾ	p.a.p.a	a.v.i.ʐ.i	o.tʃ.i.t.i	h.i.i.m.a	d.i.a.j.ɨ	b.e.ɾ.o	k.w.i.ʒ.a	m.t.a.x	ɨ.ʔ.w.ɨ.ɾ.ɨ.x	m.a.l.a.ŋ	o.f.i.ʔ	k.iː.ɬ.i
ear	o.ɾ.e.x.a	ə.ɹ̩	ɛ.t.i	w.i.d.n	k.u.p.i.ŋ	tʃ.e.w.i	k.u.l.a.k	m.i.m.i	t.a.j	h.uː	ɡ.w.i	i.t	f.y.l	ɳʈʂ.e	n.i.n.r.i	tʃ.i.x	t.ħ.ə.kˀʷ.m.ə	ʃ.i.k.i.n	a.p.ɨ.s.a	qʼ.u.r	k.ɑ.ɽ.e	n.a.k.a.s	x.i.n.tʃ.u	ɡ.u	a.tʃ.e.ʔ.e	b.e.l.a.r.i		t.a.k.aː	ǂ.a.e	ŋ.a.u	p.ɪ.l.ʊ.n	k.u.tsʰ.ɨ.kʷ.a	h.t.aː.w.a.k.a.j	tʃ.aː.ʔ	t.aː.ts.ɨ.k	w.aː.n	k.i.a.m.a	k.u.i.ʃ	k.ʉ.w.ʉ.r.ʉ		|ʔʰ.u.i	s.i.j.u.t	l.t.u.m.a.l	a.n.k.ɛ.j	n.u.m.e	p.a.n.a.h.t.ɔ	k.o.m.b.e	tʰ.ũ.a	tʃʔ.u.t.e.ʔ	k.e.k.e	v.a.n	t.e.l.a	tʃ.i.n.ɨ	n.ĩ.ŋ.ɡ.ɾ.ɛ̃.ŋ	p.i.n.a	m.ũ.x.u	p.a.β.i.k.i	j.ɨ.m.ɨ.k.a	o̰.b.e	k.o.h.o.k.o	k.a.i.l	n.i.m.a.r.a	tʃ.a.x.a.x	a.ŋ.u.ɡ	h.a.k.s.o.b.i.ʃ	k.a.l.e.n.i
egg	w.e.b.o	t.a.n	e.j.ĩ	b.eː.dˤ	ə.n.ɖ.o.ɡ	ɡ.u.ɖ.ɖ.u	j.u.m.u.ɾ.t.a	t.a.m.a.ɡ.o	tɕ.ɯ.ŋ	kʰ.a.j	a.l	t.ɔ.ŋ	t.o.j.aː.ʃ	q.e	r.u.n.t.u	o.n.t.o.k	dʒ.ə.d.i.tʃ.ə	s.a.k.m.o.l	a	kʼ.v.e.r.ts.x	t.u.k.u	t.eː.k.k.i.s	tʃʰ.u.j.a	m.ã.d.o	a.ʃ.u.k.u	a.r.a.u.l.ts̥.a	m.ɾ.u.k.e	q.a̰ː.ɬ.u.a̰ː.t	ŋ̊!ˀ.u.w.u	b.o.r.o	k.ʊ.ʐ.ɜ.m	kʷ.a.ʃ.a.n.t.a	w.aː.w.i		k.a.ʔ.n.p.u	ŋɡ.ə.k	m.a.b.r.a	n.u.x.i.n.t	m.m.ʉ		n!.u.u	m.a.nː.i.k	ʈ.i.ŋ.a.n	r.o	u.o.r.o	p.ɨ.m.ɔ.i	m.b.u.i	ndz.i.ts	ɬ.e.tʃʔ.e	d.ḭ.ʔ.a	u.m.χ.a.n	k.o.ʔ.o.u.e.ʔ	tʃ.a.ɾ.a.ɨ̃	o.w	ŋ.a.m.p.u	t.o.b.ɨ	b.a.tʃ.i	n.a.t.e	d.i.e	h.ĩ	w.i.p.u		ɨ.ʔ.j.a.ʔ.j.a.ʔ	s.u.w.i.ɡ	a.k.ã.k.o.ʃ.i.ʔ	ɨ.w.e.tsʰ.e
eye	o.x.o	i.ə.n	o.dʒ.u	ʕ.eː.n	m.a.t.a	k.a.n.n.u	ɟ.œ.z	m.e	m.ă.t	t.aː	n.u.n	w.a.ŋ	s.e.m	n̥.a	ɲ.a.w.i	n.u.t	n.ə	w.a.qʼ.ʌ.tʃ	t.e.s.a	tʰ.v.a.l	ɽ.e.ŋɡ.e	iː.ʃ	n.a.j.r.a	d.a	o.ʔ.u	b.e.ɡ.i	u.ɡ.w.ɒ		m.ũ.ũ	l.a.k.o	ŋ.ë		s.k.iː.s.i.k.w	n.aː.ʔ		m.ə.n.i	n.a.k.r.a	x.iː	d.a.u		ɡ|.a.ʔ.a	i.s.i	l.tɕ.i	i.d.o.k.o	n.o.i.n.e	e.n.u	l.a.a.m	j.e.ɸʲ	t.e.ɬ.u	ǀ.w.e.e	j.a.s.a	a.ʔ.e.t.e	e.t.ɨ	k.a.d.n.ɛ̃	k.u.ɽ.u	i.t.a.x.u	β.ɯ.r.o	m.a.m.o	k.a.p.e	m.u	k.a.s.u	n.a.s.u	tʃ.i.a.ɾ.e.x	n.o.f	n.i.ʃ.k.i.n	k.a.h.tʰ.oː.l.i
far	l.e.x.a.n.n	y.a.n	dʒ.ĩ	b.i.ʕ.eː.d	a.d.o.h	d.uː.ɾ.a	u.z.a.k	t.oː	s.a	k.l.a.j	m.ʌ.l	b.o.r	t.aː.v.o.l.i	tɬ.e	ɲ.a.w.p.a	x.ɔ.l	ʒ.i.ʑ.ə	n.a.x	m.o.mb.ɨ.ɾ.ɨ	ʃ.o.r.s	ɽ.o.nd.ɑ.t.i		x.a.j.a	j.a	w.a.t.t	u.r.u.t.i	m.e.n.d.ẽ	m.a.k.a.t	ŋ!.u.u	k.a.k.u	k.ɜ.m.ɜ.p.ʊ	j.a.w.a.n.i	w.aː.h.ð.a.w		h.u.ʔ.m.ɨ	s.ə.k.n.aː	l.a.i.u.r.a	j.a.x.a	t.ɨ̃.m.ʉ		!ʔ.a	u.ŋ.a.s.i.p	m.a.tʰ.a.n	a.h.a.w	i.t.i.ɡ.o.u	a.m.i.n.k.e	b.a.a.n.ɡ	hʲ.uʔ.h	a.t.u.fʷ.e.j	ʔ.i.tʰ.a	ɢ.o.r.o	k.e.r.o.m	j.a.ʔ.ɨ̃.m.a	k.u.w.a.ɾ	p.a.r.a.r.i	t.aː.h.ɨ	o.tʃ.o	pr.a.h.a	j.o.a	e.m.o	a.t.t.i̥.ʃ	ɸ.a.r.i	o.x.t.o.x	m.e.m.b.i	a.t.a.p.a	i.n.ə
fire	f.w.e.ɡ.o	x.w.ə	i.n.a	n.aː.ɾ	ɡ.ə.n.i	n.i.p.p.u	a.t.e.ʃ	h.i	l.ɯə	f.a.j	b.u.l	m.a.tʃ	t.yː.z	t.eu	n.i.n.a	k.a.l	m.a.fˀ.ə	qʼ.a.qʼ	dʲ.e.x.a.p.ɨ	ts.e.ts.x.l	i.t.ɑ.t.e	tɬ.i	n.i.n.a	ts.i.b.i	s.i.k.i	s̺.u	n.i.ʌ	ɬ.k.u.j.aː.t	ŋ̊ǀˀ.a.e	u.k.u	k.ɘ.ʈʂ.ɜ.l	tʃ.pʰ.i.r.i	i.s.k.o.t.iː.w	k.õ.ʔ	h.u.k.t.ɨ	j.aː	p.a.u.t.a	x.iː			d.a.ʔ.a	i.nː.ɜ.q	pʰ.u	i	o.ɡ.u.a.i	a.p.ɔ.h	p.ɨ.n.d.ɨ.m.a	i.pʲ	i.t.o.χ	ǁʼ.ĩ	t.u.v.a	n.o.d.e.k	ɨ.ʔ.ɨ	p.ĩ	w.a.ɽ.u		tʃ.i.i	w.a.k.ə	b.ḛ.e	h.e	i.ŋ	t.a.ɸ.o.x	o.x.k.u.ʔ.ɾ.a.x	s.u.w.i	l.o.w.a.k	a.ts.i.l.ə
fish	p.e.θ	y	ɛ.dʒ.a	s.a.m.a.k	i.w.a.k	tʃ.eː.p.a	b.a.l̴.ɯ.k	s.a.k.a.n.a	k.a	p.l.aː	ɡ.o.ɡ.i	r.ɛ.tʃ	h.ɔ.l	ɳʈʂ.e	tʃ.a.ʎ.w.a	tʃ.a.k.a.s	b.dz.ə.ʑ.j.ə.j	k.ʌ.r	p.i.ɾ.a	tʰ.e.v.z	p.i.s.ɑ	m.i.tʃ	tʃ.a.w.ʎ.a	h.w.ã	x.i.m.e	a.r.a.i.n	w.a	s.k.ḭː.t.ḭ	ǁ.a.u	n.a.o	tʃ.ɜ.ʎ.w.ɜ	k.u.ɽ.u.tʃ.a	k.i.n.o.s.iː.w	ɬ.oː.ʔ	t.ɨ.ʔ.p.ɨ			n.a.m.a.k	bʰ.e.d.a		ɡ!.o.l.o	aː.l.i.s.a.ɣ.ɑ.q	tɕ.u.m.u	k.a	i.i.a.n.a	m.ɔ.r.ɔ.h	l.a.m.a.n.ɡ	w.e.ndʲ	ʔʷ.a.h.a.t	s.o.m.b.a	n.i.m.χ.a	n.a.ʎ.i.m	tʃ.õ.ʔ.n.i	p.i.ɾ.ɐ̃	a.n.t.i.p.i.n.a	d.u.h.u.a.i	w.a.k.a	j.u.r.i	ʋ.a̰.i	h.o.m.a.b.a.k.a	p.i.ʃ.k.a.t.u	ʃ.o.x	p.ɔ.ɨ.ʔ.ts.a.x	s.a.w.a.ɡ	n.a.n.i.ʔ	a.ts.a.t.a
flesh/meat	k.a.r.n.e	ʐ.ə.u	ɛ.r.ã	l.a.ħ.m.a	d.a.ɡ.i.ŋ	m.aː.n.s.a.m	e.t	n.i.k.ɯ	tʰ.i.t	n.ʉ.a	sʰ.a.l	r.i.ŋ.o	h.uː.ʃ	ɴq.ai	a.j.tʃ.a	m.a.x	ɮ.i	t.i.ʔ.x	s.o.ʔ.o	x.o.r.ts	m.i.ndʒ.u	n.a.k.a	a.j.tʃ.a	n.ɡ.ʌ	e.ʔ.i.r.u.k.u	o.k.e.l.a	m.e.d.e	l.iː.w.a̰	ǁ.a.n	l.a.k.e	ɪ.l.ö	kʷʰ.i.r.i.p.e.t.a	w.i.j.aː.s	ts.ĩ.ʔ	m.aː.j.i	k.w.aː.m.i	w.iː.n.a	n.a.m.a.n.k	n.e.dʒ.a.r.a.a		‼ʔʰ.a.u	u.w.i.n.i.k	tɕ.a.p	m.ə.l.ɛ.m	m.o.o.t.i.n.a	p.u.n	l.a.a.m	tsʲ.i.tsʲ	tʔ.i.s.a.n	ǀ.n.ĩ	j.a.l.i	p.a.t	m.a.tʃ.i	n.ĩ	k.u.k.a	p.e.v.iː	n.a.m.i		d.ḭ.i	t.o.m.a	ɲ.a	n.k.i.w.a.n	d.e.ʔ.a.x	n.i.h.i.ɡ	n.i.p.i.ʔ	h.a.w.i.j.a
fly	m.o.s.k.a	i.ŋ		d.i.b.b.aː.n	ɭ.a.ɭ.ə.ɽ	iː.ɡ.a	s.i.n.e.c	h.a.e	z.uə.j		pʰ.a.l.i	l.w.a.ŋ.n.i	l.eː.ɟ	m.ao	tʃʼ.u.s.p.i	ɪ.l.aː	b.a.dz.ə	a.m.a.l.o	mb.e.ɾ.u	b.u.z	p.o.ŋɡ.e.n.ɑ	s.ɑː.j.oː.l	tʃʰ.i.tʃʰ.i.ʎ.a.n.kʰ.a	ɡ.i.n.ʔ.w.e	x.a.ʔ.j.u.m.u.ɺ.e.r.ɨ	e.u.l.i	m.u.n.k.u.o	s.iː.m.aː.w.a	ǀ.ĩ.ĩ.n.a	ɡ.u.ʔ.u.p.u	p.ɘ.l.ɘ	t.i.n.t.i	oː.ts.iː.w		h.ɨː.h.ɨ	s.aː.t	k.u.k.a.s	k.aː.p	ĩ.ŋ.ɡ.a.n.a.n.a		dʒ.o.ã.dʒ.o.ã	n.i.v.i.j.u.ɣ.a.k	pʰ.e.n	b.ɛ.n.s.o	k.u.r.u.r.u	e.r.e.w.e	l.e.m.u.n.d	ɸ.ĩ.sʲ	ʔ.a.t.a.q	ǀ.ã.t.i.m.a	d.ə.r.x.u.v.ə	l.o.t.a.ɢ.a.ɲ.i	m.u.ɾ.e.n.ɨ̃		p.u.n.p.u.n.p.a	d.a.i.n.ã	h.o.ʃ.i.n.a.k.a	m.o.o		h.i.k.i.r.i	p.a.k	b.u.b.a	n.a.ʔ.n.ɨ.e.x	a.m.o.f	tʃ.u.k.a.n.i	
good	b.w.e.n	x.a.u	r.e.r.e	k.w.a.j.j.i.s	e.n.a.k	m.a.n.tʃ.i	i.j.i	i	t.o.t	d.iː	dʑ.o.h	m.a.b.ɛ.r	j.oː	ʐ.o.ŋ	s.u.m.a.q	s.ɛː.n	fˀ.i	u.ts	p.o.r.ã	kʼ.a.r.ɡ	e.p.e	kʷ.a.l	a.s.k.i	h.ɲ.o	a.n	o.n	k.o.ĩ	t.l.aː.n	!.ã.ĩ	l.o.h.a	k.ɘ.m.ë	a.m.p.a.k.e.t.i	m.i.ð.o		w.ɨ	j.ə.k.n.w.u.n	j.a.m.n.i	p.ɨ.n.k.ɨ.r	bʰ.i.a		k.a		ɕ.u.a	f.o.j	m.e.r.a.ɡ.u	m.ɔ.r.ɨ	j.a.w.u.l.o	e.w	i.s	ɬ.a	s.a.i.k.a.n	n.o.ʔ.o.n	m.e.ʔ	x.ɐ	p.a.l̻.a	x.a	h.a.k.õ	t.o.t.i.h	ã.j.u	j.a.k.e.ɾ.a	w.a.t	m.o.o.ɸ	a.ʔ.d.i.ʔ.w.a.ʔ	s.u.i.a.l.a.ɡ	a.tʃ.o.k.m.a	o.s.t.a
hair	k.a.b.e.ʎ.o	f.a	i.r.ũ	ʃ.a.ʕ.ɾ	ɽ.a.m.b.u.t	dz.u.ʈ.ʈ.u	s.a.tʃ	k.a.m.i	t.ɔ.k	pʰ.o.m	tʰ.ʌ.l	j.i.e.r	h.ɔ.j	pˡ.ou	k.a.w.a.ʎ.u	u.s	ɕ.ħ.ə.ts	k.i.e.x	a.k.ã.ɾ.a.ŋɡʷ.e	tʰ.m	i.t.i	ts.o.n	ɲ.i.kʼ.u.t.a	ʃ.i	a.ʔ.w.a.ɺ.a	i.l.e	d.r.ũ.l.ẽ	j.a̰.h	ŋ̊ǀˀ.ũ.ũ	h.u.t.u	l.ö.ŋ.k.ö	ʃ.a.w.i.r.i	i.s.k.w	ts.iː.ʔ	w.a.j	n.ə.mb.ə	t.aː.w.a	i.n.t.i.a.ʃ	b.u.d.a		!xˀ.u.i	n.u.j.ɑ.q	ɣ.o.y.a.ŋ	u.m.a	i.i	s.i.h.p.ɔ	w.a.l.e	dʲ.kʰ.a.s	t.o.ʔʷ.u.l.e.j	tsʼ.e	f.u.n.i.j.ə.x.ə	w.e	j.a.e	ŋ.ɐ̃.ɲ	m.a.ŋ.k.a	m.ã.t.a	β.o.o	h.e.n.a	p.o.a	h.i.o	a.ʃ	m.a.w.i.a.n	tʃ.u.ʔ.w.o.ʔ.ts.e.x	l.a.p.o.ɡ	h.i.ʃ.i	u.s.tʰ.i.k.ə
hard	d.u.r	i.ŋ	l.i.l.ɛ	ɡ.aː.m.i.d	a.t.o.ʂ	ɡ.a.ʈ.ʈ.i	k.a.t.ɯ	k.a.t.a	k.ɯ.ŋ	kʰ.ɛ.ŋ	d.a.n.d.a.n	m.a.t.ɛ.k	k.ɛ.m.eː.ɲ	t.eu	a.n.a.q	k.a.tʰ.ʊː	b.i.d.ə	k.o	a.t.ã	m.a.ɡ.a.r	k.j.e.t.o		qʰ.u.l.u	m.e	i.tʃ	ɡ.o.ɡ.o.r	x.u.m.e	p.a.ɬ.a̰	!.a.ɾ.i	t.o.ɡ.o.i	j.ɜ.f.ɘ	tʃ.o.pʰ.e.r.i	m.a.s.k.a.w.aː	tɬʼ.i.s	k.a.m.a.m	t.i.r.a.p.a	k.a.r.n.a	k.a.ts.u.r.a.m	z.a.r.e.a.b.ʉ		‖xˀ.a.o	n.i.ŋː.u.s.ɔː.q	ɖ.a.ŋ		p.o.r.o.ɡ.u.p.a	s.a.h.m.a.n	b.ɨ.l.ɨ.n.ɡ	w.e.hʲ	tʔ.e.n	ǂn.a.ŋ.kʼ.o	m.a.ŋ.ɢ.a	q.a.d.a.n	t.a.i	t.a.ɾ	t.a.i.t.i	a.t.a.h.a	tʃ.o.r.i.ʃ		b.ɨ.t.i	t.u.r.u	s.a.m	m.a.t.a.k	i.ʔ.j.a.ʔ.a.ʔ	n.o.k.i.ɡ	k.a.m.a.s.s.a	a.s.t.a.j.a
heavy	p.e.s	ʈʂ.u.ŋ	w.i.w.u.w.o	t.i.ʡ.iː.l	a.b.o.t	b.a.ɾ.o.w.a.i.n.a	a.ɯ.ɾ	o.m.o	n.ă.ŋ	n.a.k	m.u.ɡ.ʌ.b	p.e.k	n.ɛ.h.eː.z	ɲ̥.a.ŋ	ʎ.a.s.a	x.u.n.t	w.ə.n.d.ə.ʁʷ	a.l	p.o.x.ɨ.i	m.dz.i.m.e	k.e.nd.ɑ		x.a.tʰ.i	h.ɲ.ɨ	x.a.w.a.t	a.s̺.t.u.n	d.o.b.ʌ.k.o	ts.i.n.k.a	!.o.m	t.u.b.u.s.o	f.ɜ.n.ë	kʷʰ.e.ts.a.p.e	k.w.a.s.i.k.o.w.i	t.aː.z	ts.a.ʔ.k.s.ɲ.i	a.k	w.i.r.a	k.i.x.i.n	s.ɨ.ɡ.ɡ.ʉ.a		t.i.h.i		ts.u.l.u.m	ə.h.ə	m.o.k.i.n.a.t.i	a.m.ɨ.i.h.n.e	d.ɨ.n.a.a.t	nd.uʰ	n.i.tʃ.u.j.h.a.t	ǀ.e.e.k.a	u.ɖʐ.ə.n	d.e.s.a.ʎ.i	j.a.ʔ.ũ		p.u.ɭ.k.a	a.ʐ.e.v.e	i.ɰ.ɯ	h.u.t.e	d.ɨ.k.ɨ	u.ɾ.i	u.s	ɸ.a.n.e.s	x.a.m.a.k.a.ʔ.a.ʔ	k.i.n.i.ɡ	w.iː.k.i	k.ə.k.e.t.ə
horn	a.s.t.a	tɕ.i.a.u	i.w.o	ʔ.a.ɾ.n	ʂ.u.ŋ.u	k.o.m.m.u	b.o.j	t.ɯ.n.o	s.ɯ.ŋ	kʰ.a.w	p.u.l	t.u.ŋ	s.a.r.v	k.o	w.a.q.r.a	o.n.tʃʰ.i.k	b.ʑ.ə	r.u.kʼ.a.ʔ	t.a.t.ĩ	r.q.a	n.e.ŋɡ.e		w.a.x.r.a	n.d.ã.n.i	o.ʔ.u.w.a	a.d.a.r		a̰.q.a.l.o.q.o.t	ŋǁ.ã.ã	t.a.d.u	m.ɘ.t.ɜ	ʃ.ɨ.w.a.n.kʷ.a	iː.s.k.a.n	t.eː.ʔ	k.aː.r.a	k.aː.r.a	m.a.s.a.s	a.i.n.t.i.a.k.u	k.a.tʃ.o		!ʰ.u	n.a.sː.uː.s.ɑ.q	t.u.r			r.e.t.t.ɨ	k.o.m	k.a.tsʲ.u	t.o.tʃʔ.e	tl.a.n.a	χ.o.ʂ.o	k.o.u.e	tʃ.a.t.a̰.ʔ.k.u.ɾ.e	n.ĩ.k.a	m.i.l.p.i.n̻		m.ã.tʃ.ã	j.o.r.ã	s.a̰.a	h.o.h.i	p.u.l	m.a.n.k.a.r.o.n	a.x.a.ʔ.ts.a.ʔ.ɾ.i.x	a.n.i.ŋ.u.o.ɡ	l.a.p.i.ʃ	u.j.o.n.a
house	k.a.s.a	tɕ.i.a	i.l.ɛ	b.eː.t	o.m.a.h	i.l.l.u	e.v	i.e	ɲ.a	b.aː.n	dʑ.i.b	ɔ.t	h.aː.z	ʈʂ.e	w.a.s.i	k.ə.r	u.n.ə	x.a	o.ɰ.a.p.ɨ	s.a.x.l	ɑ.nd.ɑ	tʃ.a.n	u.t.a	n.ɡ.u	m.iː.tʃ.i	e.tʃ.e	ɡ.j.i	tʃ.i.k.ḭ	o.m	t.a.h.u	ʐ.ʊ.k.ɜ	k.tʰ.a	w.aː.s.k.aː.h.i.k.a.n	k.i.n	t.ɨ.k	ŋɡ.a	u.t.l.a	k.a.tʃ.u	dʰ.e		n!.a.o	i.ɬː.u	h.a	i.m.ɛ	o.p.o	w.ɨ.t.t.ɨ	p.a.d.ɨ.m.a	j.a.t	l.a.ʔʷ.e.t	kʰ.o.o	b.a.o	n.o.j.i.k	p.a.t.a	ĩ.n	w.a.ɭ.i	b.oː	ʂ.o.β.o	j.a.h.i	ʋ.ḭ.i	h.a.n.o.k.o	j.a.l	s.a.m.u	o.x.u.ʔ.ts.o.ʔ.d.e.x	l.a.l.a	tʃ.o.k.k.a.ʔ	k.a.ɬ.ts.oː.t.e
in	e.n	ts.a.i	n.i	f.i	i.ŋ	l.oː	d.e	n.i	ɤ	n.a.j	e	i	b.ɔ.n	ɲ.ao	p.i	d	i.m	p.a	m.e	ʃ.i	ɲ.ɑ		n.a	h.a	a.ɺ.u.ʔ.u	n	t.e		ŋ!.ã.ã	m.a.r.a.b.a	p.ö.n.w.ɪ	o	i.h.k	p.iː.ʔ	m.ɨ	a.w.u.l.a	r.a	n.a.m	i.d.ʉ		n!.ŋ̩	m.i	u.l.e	n.a		p.ɔ	m.i.n	t.e	h.i	k.i.t.a	b.i	ɡ.i	ɡ.u.n.e	k.i	ŋ.k.a	a	ã.ĩ		p.ɨ	e.k.u	t.a	m.a.m	x.u.a.ʔ.a.ʔ	s.a.i.y.e	aː	ʔ.i
knee	ɾ.o.d.i.ʎ.a	ɕ.i	o.r.ũ.k.ũ	ɾ.u.k.b.a	ɖ.ə.ŋ.k.u.ɭ	m.oː.k.aː.l.u	d.i.z	h.i.z.a	ɣ.o.j	kʰ.a.w	m.u.l.ɨ.b	tʃ.ɔ.ŋ	t.eː.r.d	h.ou.tɕ.ou	q.u.n.q.u.r	o.p.t.o.k	ɮ.ə.ɡʷ.a.ʑ.ə	tʃʼ.e.k	p.e.n.a.r.ã	m.u.x.l	ɽ.u.m.ɑ		q.u.n.q.u.r.i	ɲ.ã.h.m.u	a.s.a.p.a.i.n	b.e.l.a.u.n			ǁ.o.a	p.u.p.u.k.u	l.ʊ.k.ʊ		h.ts.i.k.w.a.n	k.o.d	k.ɔː.s.ɔ	k.w.a.t.i	l.u.l.a	t.i.k.i.ʃ	tʃ.i.rʼ.ã.m.b.o.r.o		ɡ!x.o.a	s.ɜː.q.ɔ.q	n.u.m.u.s	o.s.ə.l.ə.ŋ	m.i.i	j.e.s.e.h.m.u	a.m.b.o.n.ɡ	hʲ.ũ.k.w.e.t	t.o.pʔ.u.ɬ.a.q	k.ẽ		ʎ.i.k.t.e	ã.p.ɨ̰.ʔ.ɨ	j.a.k.ɾ.ĩ	m.u.t̻.i		r.a.b.o.ʂ.o	m.a.h.e.k.o		m.u.k.u	w.a.k.p.u.j	n.i.m.n.a	ɨ.x.m.u.ɾ.e.x.k.i.a.x	m.u.ɡ.u.k.u.ɡ		t.i.n.i.n.i.k.e.n.i
leaf	o.x.a	i.ə	ɛ.w.ɛ	w.a.ɾ.a.ʔ	ɡ.o.ɖ.o.ŋ	aː.k.u	j.a.p.ɾ.a.k	h.a	l.a	b.a.j	i.pʰ	o.b.o.k.e	l.ɛ.v.eː.l	mpˡ.o.ŋ	l.a.qʰ.i	n.ɛ.p.tʃʰ	t.ħ.ə.m.p.ə	ʃ.o.q	t.o.ɰʷ.e	pʰ.o.tʰ.o.l	j.o.k.o		l.a.pʰ.i	ʃ.i	a.p.a.n.a	o.r.i		t.ṵ.w.a̰ː.n	ǂ.a.e	s.o.k.a	t.ɜ.p.ɘ.l	tʃ.kʰ.u.r.i	p.a.k	tʼ.ãː.ʔ	ʔ.a.j	m.i.ŋɡ.a	w.a.x.j.a	n.u.k.a	k.e.d.u.a		ɡ!.oˤ.a	p.i.l.u	t.a.p	f.ɛ	o.t.o	j.a.r.e	s.ɨ.p.a.n	e.ts	l.a.w.u.l.e	ǀ.a.a	a.b.d.a.χ.a	w.e		f.e.j	n̻.a.l.p.i	x.u	p.ɯ.i		p.ũ.d.i	a.ɾ.o.k.o	k.ɨ̥	m.a.t.a	i.ʔ.ts.o.x.ɛ.ʔ	f.i.ɡ.e.ɡ	h.i.ʃ.i	u.k.a.l.o.k.ə
leg/foot	p.j.e.ɾ.n.a	tɕ.i.a.u	i.r.ɛ	ɾ.i.ɡ.l	ʂ.i.k.i.ɭ	k.aː.l.u	b.a.dʒ.a.k	a.s.i	tɕ.ɤ̆.n	kʰ.aː	d.a.l.i	t.ɪ.ɛ.l.ɔ	l.aː.b	t.eu	tʃ.a.n.k.a	x.o.l	ɮ.ə	p.ʌ.r.a.ʔ	k.u.p.ɨ	pʰ.e.x	m.o.k.o	i.k.ʃ.i	tʃ.a.r.a	w.a	a.s.a.ʔ.a	a.n.k.a	ŋ.o.t.ɔ	t.a.n.t.uː.n	ŋǀ.u.u	d.o.h.u	tʃ.ɜ.ŋ	ts.i.k.a.tʰ.a.kʷ.a	k.aː.t	tʃ.aː.d	p.u.j	m.aː.n	m.i.n.a	m.a.k.u	b.h.a.a.k.a.r.a		!.o	i.s.i.ɣ.a.k	h.u.ʈ.i.s	o.d.o	k.a.ɡ.a	h.p.u	s.ɨ.p.a.n.ɡ	tsʲ.i.nd.a	ɬ.e.tʃ.e	ǁʰ.a.t.a	b.ə.t.x.ə	p.i.a	k.u.t.ɨ	p.ɛ̃.n	t̻.a.ɭ.p.a	s.iː	t.a.ɯ	m.a.t.a	d.ɨ̰.p.o	k.a	p.i.m.p.u.l	n.a.a	tʃ.i.x.e.p.u.ɨ.x	m.u.ŋ.u.ɡ.a.ɡ	h.a.n.aː.l.i.ʔ	n.ə.s.k.e
liver	i.ɡ.a.d.o	k.a.n	e.d.ɔ	k.i.b.d	a.t.i	k.aː.l.eː.j.a.m	k.a.ɾ.a.dʒ.i.e.ɾ	k.i.m.o	ɣ.a.n	t.a.p	ɡ.a.n	tʃ.u.ɲ	m.aː.j	ʂ.a	kʼ.i.w.i.tʃ.a	ə.l.ə.k	t.ħ.ə.m.ɕˀ.i.ʁʷ	p.o.r.o.r	p.ɨ.ʔ.a	ɣ.v.i.dz.l	p.u.ŋɡ.i	eː.l	kʼ.i.w.tʃ.a	j.a	a.p.a.n.a	ɡ.i.b.e.l		ɬ.u.a̰.k.a̰.k.a̰	ã.ĩ	d.a.n.e	f.ʊ.k.ʊ.ɲ	t.a.w.a.ʃ.ɨ	s.k.o.n	z.i.t	ts.ɔː.ɡ.ɔ.j	w.u.t.m.i	a.u.j.a	a.k.a.p	tʰ.a.ã.r.ɨ		ʃ.ŋ̩	ts.i.ŋ.u.k	k.e.n	p.h.u.h.ɛ	n.u.n.n.o	t.e.r.e.r.ɨ.h.p.ɨ	e.w.o.n.ɡ	m.eˀ.kʲ	t.o.t.o.n.e.k	tʰ.a.s.i.n.o	f.a.χ.ɔ.n	a.m.e.k	k.a	t.ɐ̃.m.ɛ̃	a.l.u	h.a.p.a	t.a.k.a	a.m.o.k.ɨ		m.a.h.i	i.z.ɡ.a.l	m.w.a.n		ɡ.u.f.w.a.ɡ	s.a.l.a.k.h.a.ʔ	eː.l.a
long	l.a.ɾ.ɡ	ʈʂʰ.a.ŋ	ɡ.ũ	tˤ.a.w.iː.l	d.a.w.a	p.o.ɽ.a.w.u	u.z.u.n	n.a.ɡ.a	z.a.j	j.aː.w	ɡ.i.l	b.o.r	h.o.ʃ.s.uː	nt.e	s.i.n.i	ʊ.r.tʰ	tʃˀ.i.ħ	r.o.q.o.l.i.k	ʋ.u.k.u	ɡ.r.dz.e.l	ɽ.o.nd.ɑ.t.i		s.a.j.tʼ.u	m.a	m.i.j.o.ʔ.u	l.u.s̻.e	ŋ.a	ɬ.m.a̰ː.n	h.õ.ã	k.a.k.u		j.o.tʰ.i	k.i.n.w.aː	n.eː.z	j.a.ɡ.a.ts	s.ə.m.ə.ɲ	j.a.r.i.k.a	ɨ.s.a.r.a.m	d.r.a.s.s.o.a		ɡ‼.a.ʔ.ŋ̩	s.i.v.i.s.ɔː.q	ɣ.o.s.a.n.u.m	h.ə.k.i	i.t.i	k.u.s.a.n	s.o.m.o	hʲ.uˀ.h	p.i.t.a.χ	m.a.ɡ.a.n.dʒ.a	ɢ.o.l.m.i.n	a.l.o.k	m.a̰	t.e.j	w.a.ɽ.a	p.i.a.p.i.a	n.ɯ̃.k.ɯ	r.a.p	j.o.a	h.i.w.a.r.ã	a.k.s.ɨ	m.a.r.a	o.x.t.o.a.ʔ.a	k.w.i.e.ɡ	f.a.l.a.i.a	k.a.n.ə.h.i
louse	p.j.o.x.o	ʂ.ɹ̩		ʔ.a.m.l	t.u.m.a	p.eː.l.u	b.i.t	s.i.r.a.m.i	z.ɤ̆.n	h.a.w	i	ɲ.u.o.ɡ.o	t.ɛ.t.yː	t.o	u.s.a	b.oː.s	tsˀ.e	s.ʌ.q.u.kʼ	k.ɨ	tʼ.i.l	t.i.p.u	ɑː.t.i.m.i	l.a.pʼ.a	tʼ.o	m.a.p.ɨ.i	s̻.o.r.i	k.ũ	s.k.aː.t.a	u.ɾ.i	ɡ.a.n.i	p.ɘ.ʈʂ.ɜ.ʐ	a.m.p.u.ʃ.ɨ	i.h.k.w.a	j.aː.ʔ	ʔ.a.ʔ.w.a.t	ɲ.ə.m.u	k.x.u.a	t.ɨ.m.a	tʼ.ɨ̃.m.b.a.r.a.b.ʉ		dʒˀ.ŋ̩	k.u.m.a.k	kʰ.a.r.u	m.i	o.t.i	a.j.a.n	b.u.n.d.u.m.a	ẽ.s	ɬ.a.ʔ	m.a.ǀʼ.a	ʈʂ.i.x.ə	l.a.ɢ.a.t	n.a.ʔ.tʃ.i.ɾ.a	ŋ.ɡ.a	t̻.i.ʈ.u	t.a.ʐ.ɨ	i.a	n.o.m.a	ḭ.i	m.ĩ	m.u.ŋ	x.a.t.e	k.u.ɨ.ʔ.ɨ.x	k.u	i.s.s.a.p	tʰ.i.n.a
mouth	b.o.k.a	ts.u.i	ɛ.n.u	b.u.ʔ.ʔ	tʃ.a.ŋ.k.ə.m	n.oː.ɾ.u	a.ɯ.z	k.ɯ.t.i	m.o.m	p.aː.k	i.b	ð.ɔ.k	s.aː.j	ɲtɕ.ou	s.i.m.i	a.m	ʑ.ə	tʃ.i.ʔ	dʲ.u.ɾ.u	pʼ.i.r.i	k.ɑ.mb.u	k.ɑ.m.ɑ	l.a.k.a	n.e	aː.n.ɨ.k.ɨ	m.u.t.u.r	k.a.d.a	k.i.ɬ	a.m	u.r.u	w.ɘ.n		k.w.o.n.iː.w	z.eː.ʔ	h.ɨ.p	k.u.nd.i	b.i.l.a	w.ɨ.n.ɨ	i.t.t.e		tʃˀ.i	q.a.n.ɜ.q	x.a.t	ə.w.w.a	m.u.ŋ	m.ɨ.t.a	t.i.n	j.u.w.e	t.o.kʔ.a.χ	ǂn.u.m	a.ŋ.ɢ.a	l.a.p	ã̰	j.ɛ̃.n.k.ɨ	t̻.aː	p.e.k.i.b.o	k.ɯ	k.a.h.i.k.ɨ	ɨ.s.e.d.o	d.o.k.o	p.i.t	n.a.s.o.x	ts.ɛ.ʔ	m.a.ŋ.i.ɡ	i.t.a.k.h.a.ʔ	a.h.o.l.i
name	n.o.m.b.ɾ.e	m.i.ŋ	o.r.u.k.ɔ	ʔ.i.s.m	ʒ.ə.n.ə.ŋ	p.eː.ɾ.u	i.s.i.m	n.a	t.e.n	tʃʰ.ʉː		ɲ.ɪ.ŋ	n.eː.v	mp.e	s.u.t.i	n.ə.r	tsˀ.ə	b.i.ʔ	ɾ.e.ɾ.a	s.a.x.e.l	k.e.ŋɡ.e	t.oː.k.ɑ	s.u.t.i	h.u	a.n.ɨ.ɺ.i.a	i.s̻.e.n		t.a.p.aː.k.u.w.iː.t	ŋ̊ǀˀ.o.n	r.o.ŋ.a	ɘ.j		w.iː.h.ð	ʒ.i.ʔ	n.ɨː.j.i	j.ə	n.i.n.a	n.aː	t.rʼ.ɨ̃		!.u	ɛ.t.ɜ.q	j.e.k	k.ɛ.n.ə	m.i.ŋ	j.e.s.e.h	j.u.n.d.u.m.a	j.a.s.e	ɬ.e.j	ǁ.w.a	ɡ.ə.b.u	e.n.a.ɢ.a.t	e.ɡ.a	j.i.j.i	i.n.i	v.ɨ.n.ɨ̃	h.a.n.ɯ	w.a.h.ã	ʋ.a.b.e	w.a.i	m.u.n			u.n.e.h.l.a	h.o.tʃ.i.f.o	tʰ.o.ʔ.ə
navel	o.m.b.l.i.ɡ.o	tɕʰ.i	i.d.o.d.o	s.u.ɾ.ɾ.a	u.d.e.l	b.o.ɖ.ɖ.u	ɟ.œ.b.e.c	h.e.s.o	z.o.n	s.a.d.ʉː	i.l	p.e.l	k.ø.l.d.ø.k	nt.eu	p.u.p.u	x.iː.s	b.i.n.ʒ.e	m.u.ʃ.u.ʃ	p.u.r.u.ʔ.ã	u.pʼ.e	m.u.mb.i.t.e.ŋɡ.e	ts.iː.p.i	k.u.r.u.r.u	tsʼ.a.i	o.m.o.tʃ.o	s̻.i.l.b.o.r	t.u.k.l.ɔ	t.a.m.p.ṵ.s	s.u.n.i	w.o.t.i		t.u.p.u	t.i.s.i.j	tsʼ.eː.ʔ	t.uː.n.u	ŋɡ.w.a.r.aː.ndʒ.ə.n	k.l.u.a	u.n.t.u.tʃ	k.ɨ̃.m.ʉ.ã		n!.oˤ.m̩	q.a.l.a.s.ɜ.q	s.u	b.u.l.ɛ.n.d.e	i.t.u.ɡ.e	p.ɔ.n.i	b.e.t.ɨ.ɡ.u.m	sʲ.a.mb	t.o.tsʔ.a.q	tsʼ.ũ.b.u	u.l.ə.ŋ.ɡ.u	k.o.m	ã.p.e.t.ɨ.n.a.ʔ.ã	n.ũ.ŋ.n.d.i.d.n	p.u.ɭ.i		p.o.k.o.t.ɯ.ʂ.ɯ	j.i.m.o.t.a.ʃ.i	s.u.b.u.ɡ.a	k.a.b.u	p.a.n.ʃ.i.l	x.r.o.b.i.t	tʃ.u.ɾ.a.w.a.ʔ	u.s.u.m.u	h.a.t.ã.b.i.ʃ	
neck	k.w.e.ʎ.o	p.ə	ɔ.r.ũ	ɾ.a.ʡ.a.b.a	ɡ.u.ɭ.u	m.e.ɽ.a	b.o.j.u.n	k.ɯ.b.i	k.o	kʰ.ɔː	m.o.ɡ	ŋ.u.t	ɲ.ɔ.k		k.u.n.k.a		p.ɕ.ə	tʃ.i.l.o	a.dʲ.u.ɾ.a	kʼ.i.s.e.r	m.ɑ.ŋɡ.e	kʷ.e.tʃ	k.u.n.k.a	ʔ.j.ɨ.ɡ.a	a.n.u.ɺ.u	l.e.p.o	d.ʌ.r.o	p.i.ʃ	ŋ̊!ˀ.a.o	t.o.l.o	p.ë.l		k.w.a.j.a.w	kʼ.o.s	ʔ.ɨ.s.k.ɨ	k.w.aː.l.ə	n.a.n.a	k.u.n.t.u.x	o.tʃ.tʃ.i.r.u		‖.a.ŋ̩	t.ɔ.qː.u.s.ɑː.q	ʂ	k.a.m.b.i	o.u	p.ɨ.m.ɨ	k.o.t.o.m	tʲ.h.i.kʲ	ʔʷ.u	kʼ.w.ẽ	m.ə.i.f.ə.n	n.q.o.s.o.t	n.a.ʔ.ã	n.d.u.d.ɲ	l.i.r.i		t.ɯ.ʂ.o	o.r.a.h.i.t.ə	ʋ.a.b.ɨ.t.a.h.a	d.õ	k.w.i.l	s.r.a.u	u.ɾ.u.ʔ.p.ɛ.k.ʔ.e	w.u.n.e.ɡ.l.i.ɡ	i.k.k.õ.l.a.ʔ	a.k.i.l.a.k.e.n.i
new	n.w.e.b	ɕ.i.n	t.i.t.ũ	ɡ.i.d.iː.d	a.ɲ.a.ɽ	k.o.t.t.a	j.e.n.i	a.t.a.r.a.s.i	m.ɤ.j	m.a.j	sʰ.e	m.a.ɲ.i.e.n	uː.j	ʈʂʰ.a	m.u.s.u.q	ʃ.i.n	ɕˀ.ə	kʼ.a.kʼ	a.ŋɡ.e.t.e.ɰʷ.a	a.x.a.l	e.n.e.ŋɡ.e	j.ɑ.n.kʷ.i	m.a.tʃ.a.q.a	ʔ.r.a.ʔ.j.o	x.e.k.e.tʃ.i	b.e.r.i		ʃ.a.s.aː.s.t.ḭ	ŋ̊ǀˀ.a.s.a	m.o.m.o.a.n.e	n.ë	x.i.m.p.a	o.s.k	n.iː.t	h.ɔː.m.i	k.u.l.ə	r.a.j.a		dʒ.i.w.i.d.i		dʒ.e.h.e	n.u.t.ɑː.q	tʰ.o.ʂ	n.ə.m.ə	r.i.r.o	a.m.e.n.a.n	k.a.k.a.a.n	uˀ.s.e		ǁ.a	i.ʈʂ.ə	d.a.l.a		t.ɐ.d.ɲ	k.u.w.a.r.i.t̻.a	p.ɨ.h.a.n.ã	β.ɯ.n.a	t.u.t.e	ʋ.ḭ.b.a	h.i.ɾ.o	m.a.a.s	t.n.a	x.a.ɾ.e.x.n.ɛ.ʔ	j.i.m.i.e.ɡ	h.i.m.m.o.n.a	a.ts.e
night	n.o.tʃ.e	i.ə	o.r.u	l.eː.l	b.ə.ŋ.i	ɾ.aː.t.ɾ.i	ɡ.e.dʒ.e	j.o.r.ɯ	ɗ.e.m	d.ʉː.n	b.a.m	o.t.i.e.n.o	eː.s.ɔ.k.ɔ		t.u.t.a	ʃ.o.n	ʒ.ə.ɕ	a.qʼ.a.b	p.ɨ.x.a.ɾ.e	ɣ.a.m.e	k.u.k.u		a.r.u.m.a	ʃ.u.i	a.i	ɡ.a.u	d.e.w	ts.ḭː.s.n.ḭ	ts.u.x.u	p.u.t.u	p.ʊ.n	tʃ.u.r.i.kʷ.a	t.i.p.i.s.k.aː	tɬʼ.eː.ʔ	ts.u.ʔ	ŋɡ.aː.n	t.i.m.i.a	k.a.ʃ.i	d.i.m.i.s.i		ɡ|.u	u.nː.u.w.a.q	tʰ.a.p	d.e.n.i.j.a.j	m.u.u.r.o	e.w.a.r.ɔ.n	b.ɨ.d.a.n	k.u.s	h.u.n.a.ts.i	!.ĩ.tsʼ.i	d.o.b.o.r.i	p.e	tʃ.ɨ.t.a.k.ɨ	k.u.t.ɨ	m.u.ŋ.a	m.ẽ.ʐ.a.v.i	j.a.m.ɯ	t.i.t.i	j.a.b.i	i.m.a	a.m.t.a	m.t.i	j.ɔ.ʔ.d.ɔ.ʔ	s.i.n.a.i.n.i	n.i.n.a.k	uː.s.əː.ʔ.i
nose	n.a.r.i.θ	p.i	i.m.u	m.a.n.a.x.iː.ɾ	i.ɽ.u.ŋ	m.u.k.k.u	b.u.ɾ.u.n	h.a.n.a	m.u.j	tʃ.a.m.u.k	kʰ.o	u.m	o.r.r	ɳʈʂ.u	s.i.n.q.a	x.a.m.a.r	p.ə	ts.a.ʔ.m	a.p.ɨ.ŋɡʷ.a	ts.x.v.i.r.i	ʎ.ɑ.ɑ	j.ɑ.k.ɑ	n.a.s.a	ʃ.i.ɲ.u	e.ʔ.i.tʃ.i	s̺.u.d.u.r		k.i.n.k.a	ǂ.u.i	ŋ.u.n.u	j.ʊ	u.ɽ.i	k.o.t	tʃ.ĩː.h	k.iː.ɲ.i	t.aː.m.a	k.a.k.m.a	n.u.x.i	k.ẽ.m.b.ʉ		tʃxˀ.a.ŋ	q.i.ŋ.ɑ.q	m.u.ɕ	j.o.j	k.e.ŋ	j.e.u.n.a	p.u.n.ɡ	i.ts	l.a.n̥.e.s	ǀn.a.tʰ.i	o.f.o.r.o	m.i.k	ɾ.ã.ɨ̃	n.ĩ.j.ɛ̃	m.u.l̻.a	p.u.m.uː	r.e	h.ũ.k.a	p.õ.e	h.i.k.a.ɾ.i	k.i.m.u.t	n.n.a.i.ɸ	tʃ.i.x.i.ʔ.ɲ.u.x	b.o.s.o.ɡ	h.a.b.i.ʃ.k.o.ʔ	k.a.j.ə.s.o.l.i
not	n.o	p.u	k.o	m.i.ʃ	d.u.d.u	k.aː.d.u	m.e	n.a	x.o.ŋ	m.a.j	a.n	ɔ.k	n.ɛ.m	ʈʂ.i	m.a.n.a	k.ue	q.i.m		a.n.i	a.r	nd.ɑ.ɑ	ɑ.ʃ	x.a.n.i	h.i.n.ã	n.n.o.x.o	e.s̻	ɲ.ã	n.iː.n.t.a̰	t.a.m.a	w.a	l.ɜ	n.o	iː.k.aː		ɟ.a	k.aː.p.u.k	a.p.i.a		ẽ		|.o.a	ŋː.i.l.ɑ.q	a	b.a.m	t.o.u	p.r.a	m.i.ɲ.a	m.e.e	h.a	tsʰ.e	a.q.ɔ	s.a.q	t.a.m.a	t.ũ	w.i.j.a	a.p.o	m.a	m.i	t.i	n.a.k.a	ʃ.i	ɸ.e		m.a.s	o.k	tɬ.a
old	b.i.e.x	l.a.u	a.ɡb.a	ʔ.a.d.iː.m	t.u.w.a	p.aː.t.a	i.h.t.i.j.a.ɾ	h.ɯ.r.ɯ	z.a	k.ɛː	n.ɨ.l.ɡ	m.a.p.i.m	ø.r.ɛ.ɡ	l.ou	k.u.r.a.q	ɡ.o.x.ʃ.iː.n	ʑ.i	kʼ.e.l	x.a.ɰ.u.ɨ.n.o	dz.v.e.l	ɑ.t.i.ŋɡ.i		tʰ.a.n.tʰ.a	m.ã.d.ã	ɺ.a.ɨ.ɺ.aː	a.d.i.n	k.i.ɾ.a	ʃ.a.p.u.ʃ.k.ṵ	ǀ.o.ɾ.o	p.e.r.e.k.i	f.ɘ.tʃ.ɜ	k.u.ts.ɨ.m.i.t.i		h.a.h	ts.aː.m.i	ɲ.aː.v.ə	n.a.n.a.s.w.a.n	u.n.t.a.tʃ	a.s.e.a.b.i		ɡ‼.a.h.a	p.i.s.ɔ.q.ɑ.q	a.k.a.b.i.r	b.ɛ.n.a	u.n.i	i.p.ɔ.i.p.ɨ	p.o.ʒ	ĩ.i.sʲ	l.a.w.e.m.e.k	ǀʼ.a.ǀʼ.ã	s.a.q.d.a		ŋ.a.u	k.ɔ.f.a	i.r.i.t.i.t̻.a	p.e.ʐ.u.h.u	p.a.j.o	h.o.t.e	b.ɨ.k.ɨ	n.o.b.o	ɨ.l.a.p.a	n.a.b.i	b.u.ɨ.ʔ.o.ʔ.a.ts.a.ʔ	w.a.t.i.a.u.ɡ	s.i.p.o.k.n.i	a.k.a.j.ə
one	u.n	i	k.ã	w.aː.ħ.i.d	ʂ.i.ʒ.i	o.k.a	b.i.ɾ	h.i.t.o	m.o.t	n.ʉ.ŋ	h.a.n.a	a.tʃ.i.e.l	ɛ.ɟ	i	h.u.k	n.ə.k	z.i	x.u.n	p.e.t.e.ĩ	e.r.tʰ	m.e.nd.ɑ.i	k.eː	m.a.j.a	ʔ.n.a	w.a.n.e	b.a.t	t.i	a̰.q.t.u.m	ǀ.u.i	m.o.i	k.ɪ.ɲ.ë	m.a	p.iː.j.a.k	ɬ.a.h	t.uː.m	k.i.p.a	k.u.m		bʰ.a.rʼ.ã		n|.e.ʔ.e	a.t.aː.s.ɜ.q	h.e.k	ə.m.b.a.j	n.o.n.u.m.o.i	t.i.w.i.n	b.o.a	t.e.e.tsʲ	u.n.u	tsʼ.e.x.e	ə.m.u	o.n.o.l.e.k	w.ɨ.ʔ.i	p.i.ɾ	k.u.t̻.u	k.a.e	ɰ.ɯ.s.t.i.o.r.a	m.a.h.u	d.ḭ.k	h.i.s.a	m.a.z.a	s.a.u	ɲ.a.n.t.ɨ.x	m.u.ŋ.u	a.tʃ.a.f.f.a	s.a.kʰ.u
rain	ʎ.u.b.j.a	y	ɔ.dʒ.ɔ	m.a.tˤ.a.ɾ	u.d.a.n	w.a.ɾ.ʂ.a.m	j.aː.m.u.ɾ	a.m.e	m.ɯə	f.o.n	b.i	k.ɔ.θ	ɛ.ʃ.øː	n.a.ŋ	p.a.r.a	b.ɔ.r.ɔː.n	w.ə.ʃ.x	x.ʌ.b	a.m.a	tsʼ.v.i.m	ɑ.j.u.u	w.e.ts.i	x.a.ʎ.u	ʔ.j.e	x.u.j.a	e.u.ɾ.i	ɲ.u	s.iː.n	ŋ̊ǀˀ.a.w.i	m.u.ʔ.u.r.a	m.ɜ.w.ɘ.n	x.a.n.i.kʷ.a	k.i.m.i.w.a.n	tʰ.ĩː.ɬ	t.u.h	m.aː.s	l.i		k.u.e		ɡ‖.a	s.i.j.a.l.u.k	d.a.u	j.a	m.u.r.u	k.ɔ.n.ɔ.h	l.ɨ.n.d.ɨ.m.a	n.u.s	i.w.u.m.tʃ.o.ʔ	tlʼ.w.ã.ã	a.ɢ.a	a.w.o.t	p.u.k.ɨ	t.a	k.a.p.i	e.m.ã	o.i	m.a.a	a.k.o.d.o	n.a.h.a	a.l.u	o.o.m	a.x.i.j.a.ʔ	b.u	u.m.b.a	k.a
red	ɾ.o.x	h.u.ŋ	p.u.p.a	ʔ.a.ħ.m.a.ɾ	a.b.a.ŋ	e.ɾ.u.p.u	k.ɯ.ɾ.m.ɯ.z.ɯ	a.k.a	ɗ.ɔ	d.ɛː.ŋ	p.a.l.ɡ.a.h	k.w.a.r	v.ø.r.ø.ʃ	l.a	p.u.k.a	ʊ.l.aː.n	p.ɮ.i.ʑ	k.i.a.k	p.ɨ.t.ã	tsʼ.i.tʰ.e.l			tʃ.u.p.i.k.a	t.h.æ.n.i	i.ʃ.oː	ɡ.o.r.i		ts.u.ts.o.q.o	ŋ̊ǀˀ.a.w.a	s.a.w.a.l.a	k.ö.l.ɘ	tʃ.a.ɽ.a.p.i.t.i	m.i.h.k.w.aː	tʃʰ.i.h	ts.a.b.a.ts	ŋɡ.w.aː.v.ə	p.a.u.n.i	k.a.p.a.k.u	dʒ.i.p.u.r.r.u		ɡ!.a.e		b.a.r.d.u.m	h.a.j.s.a.j	i.i.p.i	s.u.j.u	d.ɨ.n.ɡ	mb.eʰ	i.tʃ.o.t	!ʼ.i.ʔ.e	f.u.l.ɡ	t.o.q	d.a.u.ʔ	k.u.ʃ.ũ.ŋ	r.i.t.u.w.a.n.a	ts.oː.b.i.a	h.o.ʃ.ĩ	w.a.k.ə	s.õ̰.a	s.i.m.o	k.w.a.ŋ.t.a.m	m.k.e.k		t.a.f.n.a.i.i.ɡ	h.o.m.m.a	k.i.k.a.k.e
root	ɾ.a.i.θ	k.ə.n	i.r.ĩ	ɡ.i.z.ɾ	o.j.o.t	w.eː.ɾ.u	c.œ.k	n.e	r.e	r.aː.k	p.u.l.i		ɟ.ø.k.eː.r	tɕ.a.ŋ	s.a.pʰ.i	u.n.t.ə.s	qʷ.ə.p.s	r.a.b	ɨ.p.ɨ	pʰ.e.s.v	p.i.ŋɡ.i	n.e.l.w.ɑ	s.a.pʰ.i	ʔ.j.ɨ	o.u.r.a.ɺ.a	e.r.e.b.o.i.l	ŋ.o.t.ɾ.i	t.a.n.q.a.ʃ.eː.q.a	ŋ!.o.m.a	ŋ.u.t.u	f.ö.l.ɪ.l	ʃ.ɨ.r.a.n.kʷ.a	w.a.t.a.p.i.j		t.iː.ts.ɨ.k	m.ə.ŋɡ.i	p.l.a.m.a.j.a	ts.ɨ.r.u.p	n.e.k.a.r.r.a		n‖.a.i	s.ɔ.ɬː.a.k	ts.e.r.e.ʂ	k.a.m.b.u	k.a.ɡ.e	i.k.a.r.a	l.a.d.ɨ.m.a	w.a.ts.e	l.a.fʷ.e.ts.i	!n.ĩ.ĩ	f.u.l.ə.x.ə	p.a.ʔ.a	tʃ.u.m.a̰.ã	j.ɐ̃.ɾ.ɛ	i.w.i.ɽ.i		t.a.p.õ	n.a.s.i.k.i	d.ɨ̰.k.o	k.a.h.a.ɾ.e	m.u.x.t.ɨ.t	m.t.i.s	u.x.u.k.ɛ.x.k.e.x	b.a.ɡ.a.ɡ	a.k.i.ʃ.t.a.l.a	u.n.a.s.t.e.tɬ.ə
rope	k.w.e.ɾ.d.a	ʂ.ə.ŋ	o.k.ũ	ħ.a.b.l	t.a.ɭ.i	t.aː.ɽ.u	i.p	t.ɯ.n.a	z.ɤ̆.j	tʃ.ʉ.a.k	dʑ.u.l	t.o.l	k.ø.t.eː.l	l̥.ua	l.a.s.u	d.əː.s	tʃˀ.a.p.s.ə	kʼ.a.m	s.ã	tʰ.o.kʼ	k.e.nd.e	m.e.k.ɑ	pʰ.a.l.a	t.h.e.b.e	x.iː.k.u	l.o.k.a.r.i	ɾ.ʌ.b.o		ts.u.u.ɾ.i	ɡ.u.m.i	z.ë.f	ʃ.ɨ.n.t.a.r.i	p.iː.m.i.n.aː.h.k.w.aː.n	tɬʼ.oː.ɬ		b.aː.ɡ.w.i	a.w.a	j.a.r.a.n.k	h.ũ.ŋ.k.a.r.a		n‼.oˤ	a.ɬː.u.n.aː.s.ɑ.q	ʈ.e.t.e	h.a.a	k.u.u.k.u	j.e.w.a	a.l.o	w.e.s	n.i.j.o.kʷ	k.u	f.u.t.a		k.u.n.a		r.uː.p.a	m.ã.ɨ̃	r.i.s.β.i		d.a.a	t.a.o	t.ɨ.t	t.o.o	a.ʔ.n.u.ts.o.x	w.e	a.s.e.t.a	s.t.e.j.i.t.ə
salt	s.a.l	i.ɛ.n	i.j.ɔ	m.a.l.ħ	u.j.a.h	w.u.p.p.u	t.u.z	s.i.o	m.uə.j	k.l.ʉ.a	sʰ.o.ɡ.ɨ.m	tʃ.u.m.b.i	ʃ.oː	ɳʈʂ.e	k.a.tʃ.i	t.a.p.s	ʃ.i.ʁʷ	a.tsʼ.a.m	dʲ.u.k.ɨ.t.ɨ	m.a.r.i.l	ɑ.i.p.i	i.s.t.ɑ	x.a.j.u	u	i.tʃ.iː	ɡ.a.ts̻		m.a.ts.a.t	ŋ̊ǂˀ.o.o	ɡ.a.s.i	tʃ.ɜ.d.ɪ	i.tʰ.u.kʷ.a	s.iː.w.i.h.t.aː.k.a.n	ʃ.ĩː.h	k.aː.n.a	s.o.l	s.aː.l	k.a.tʃ.i	tʰʼ.ã.ã		ɡ.u.i	t.a.ʁ.a.ts.u.t	b.a.j.u	h.ɛ	t.i.i.t.a.k.e	p.a.n	s.i.m	n.e.ŋɡ.a	n.i.s.u.j	ʔ.u.ɬ.i	d.a.b.s.u.n	t.o.u.e	dʒ.u.k.ɨ.ɾ.a	ʃ.a	t̻.a.l.t.u	j.a.h.o	t.a.ʃ.i		b.o.a	b.a.m.u	ɲ.a.m	x.a		s.o.l	h.a.p.i	a.m.a
sand	a.ɾ.e.n.a	ʂ.a	j.ã.r.ĩ	ɾ.a.m.l	p.a.ʂ.i.ɽ	i.s.u.k.a	k.u.m	s.ɯ.n.a	k.a.t	s.aː.j	m.o.l.e	k.w.o.j.o	h.o.m.o.k	ʂ.uɑ.ts.i	tʼ.i.w.u		p.ʃ.a.χʷ.ə	s.ʌ.n.j.e.b	ɨ.ʋ.ɨ.k.u.ʔ.i	kʰ.v.i.ʃ	k.e.ɑ	ʃ.ɑː.l	tʃʼ.a.ʎ.a	ʔ.b.o.m.u	x.a.s.a.i	o.n.d.a.r		k.u.k.u.j	ǀ.o.w.a	d.o.w.o.ŋ	k.ʊ.j.ɘ.m	k.u.ts.a.r.i	ð.iː.k.a.w	s.e.i	p.ɔ.ʔ.ɔ.j	j.a.w.u.s.a		n.ɨ.i.k.i.m	ĩ.m.b.ʉ		kxˀ.a	s.i.j.ɔ.qː.a.t	s.a.u	k.i.h.o	u.u.t.i.a	k.ɨ.s.a.h.p.a.n	m.u.n.ʒ	m.u.s.e	a.l.e.n.a	x.o.x.o	j.o.ŋ.ɢ.a.n		n.a.ʔ.n.ɨ.k.ɨ	ɾ.ɐ̃.ɲ.ɾ.ɐ̃.j	t.a.ɭ.i		m.a.ʃ.i	m.a.k.a		w.a.h.a	k.ɨ̥.s.u	s.ɲ.i.k	ɾ.e.ʔ.m.a	e.ŋ.i.ɡ	ʃ.i.n.u.k	n.o.j.a
shade/shadow	s.o.m.b.ɾ.a	i.n	i.b.o.dʒ.i	dˤ.i.l.l	b.a.j.a.ŋ	n.iː.ɖ.a	ɟ.œ.l.ɟ.e	k.a.ɡ.e	ɓ.ɔ.ŋ	r.o.m	ɡ.ɨ.n.ɨ.l	o.m.b.r.e	aː.r.ɲ.eː.k	tɬ.uɑ	ʎ.a.n.tʰ.u		n.i.b.ʑ	m.u.ʔ.x	kʷ.a.ɾ.a.x.ɨ.ʔ.ã	tʃ.r.d.i.l.i	ɽ.u.mb.ɑ	e.k.ɑ.w.i.l	tʃʼ.i.w.i	ʃ.u.d.i	a.j.o.ɺ.o.x.o	ɡ.e.ɾ.i.s̻.a	t.ɾ.o	s.q.a̰ː.q.n.a̰	s.o.m	d.a.d.a.r.u	ʎ.ɜ.w.f.ë.ɲ	k.u.m.a.n.t.a	ts.i.k.aː.s.t.iː.s.i.n		k.u.m.u.ŋ.k.ɨ	a.p.a.ŋ	d.i.s.t.a	k.i.r.i.t	n.ẽ.m.b.a.i		‖ʔʰ.o.ã	a.l.a.ŋː.ɔ.q	n.a.l	n.u.l.u	u.r.a		b.u.n.d.u.k	p.sʲ.ũ	h.i.p.e.ɬ	b.i.rĩ.b.i.r.i	t.u.l.h.u.n	p.a.ɢ.a.l	tʃ.i.p.e.t.a	k.ɐ̃.ɲ.w.e.ɡ.ŋ	k.a.ɳ.k.u		β.ɯ.i			i.m.a.h.a.n.a				s.u.ɡ.w.a.b.u.ɡ	h.o.ʃ.o.n.t.i	t.a.w.a.t.i.s.k.ə
skin/hide	p.j.e.l	pʰ.i	i.w.ɔ	ɡ.i.l.d	k.u.ɭ.i.t	tʃ.a.ɾ.m.a.m	d.e.ɾ.i	k.a.w.a	z.a	pʰ.i.w		d.e.l	b.øː.r	t.eu	q.a.r.a	a.r.s	f.ə	tsʼ.u.m.a.l	a.p.e	kʼ.a.n	j.ɑ.n.u.ŋɡ.i	kʷ.e.tɬ.ɑ.ʃ	x.a.n.tʃ.i	ʃ.i.f.r.i	a.t.a	a.s̻.a.l	k.u.a.t.a	ʃ.uː.w.a̰	kx.o.o	k.a.h.i	ʈʂ.ɜ.w.ɜ	s.ɨ.kʷ.i.r.i	p.a.h.k.iː.k.i.n.w		n.aː.k.a	s.ə.p	t.a.j.a	n.u.a.p	ẽ.e		n|.o	a.m.ɜ.q	b.a.ʈ	w.a	k.a.t.u	p.i.h.p.ɨ	p.o.t.o.m	kʰ.aˀ.tʲ	t.o.tʔ.o.χ	k.e.l.e.m.b.a	s.u.q.ɔ	ʔ.o.q	tʃ.a̰.m.ɨ̃	f.ɐ.ɾ	m.i.ɽ.i	b.o.k.o	β.i.tʃ.i	s.i	k.a.s.e.d.o	h.o.ɾ.o	a.j.a	m.a.r.a.k	i.x.e.t.a.ʔ	l.o.f.u.ɡ	h.a.k.ʃ.o.p	k.a.n.e.k.a
small	p.e.k.e.ɲ	ɕ.a.u	w.e.w.e	sˤ.u.ɣ.a.j.j.a.ɾ	tʃ.i.ɭ.i.k	tʃ.i.n.n.a	c.y.tʃ.y.c	t.iː.s.a	ɲ.ɔ	l.e.k	dʑ.a.ɡ	m.a.d.u.n.d.o	k.i.s	ʑ.ou	j.u.tʃʼ.u.j	p.a.k	tsˀ.i.kˀʷ	a.l.a.x	tʃ.u.ʔ.i	pʼ.a.tʼ.a.r	j.ɑ.k.ɑ.n.e	ts.i.n	x.i.s.kʼ.a	l.æ.n.kʼ.u	m.o.ts.oː	k.o.s̺.k.o.r	b.r.a.i.k.o	a̰.k.ts.uː	ǀχ.a.ɾ.i	tʃ.e.k.e	p.ɪ.tʃ.ɪ	s.a.p.i.tʃ.u	a.p.i.ts	j.a.ʒ.i	ʃ.uː.tʲ.u	m.a.k.w.a.l	s.i.r.p.i	u.tʃ.i	k.a.a.b.e.e.a.b.ʉ		tʃˀ.e.m.a	q.u.tsː.ɔ.q	tɕ.o.j.o.n	k.ə.n.d.i.m	k.u.a	s.i.m.ɨ.r.i.k.ɨ	b.u.n.ɡ.o	l.eˀ.tsʲ	ɬ.e.m.s.a.s	tsʼ.o	a.ɖʐ.i.ɡ.ə		i.ʔ.ɾ.a	ʃ.ĩ	t̻.u.k.u.t̻.u.k.u	ts.i.k.i.ʐ.i	a.n.i.m.a	w.a.ĩ.s.i.p.ɨ	k.ã̰	s.a.n.u.k.a	a.j.n.k.i	m.a.k.u	k.i.n.tʃ.a.ʔ	w.e.t.i	i.s.k.i.t.iː.n.i	j.oː.ɬ.i
smoke	u.m.o	i.ə.n	ɛ.ɛ.f.ĩ	d.u.x.x.aː.n	k.u.k.u.s	p.o.ɡ.a	d.u.m.a.n	k.e.m.ɯ.r.i	x.ɔ.j	kʰ.u.a.n	j.ʌ.n	i.r.o	f.y.s.t	ɳʈʂ.o	qʼ.u.s.ɲ.i	ʊ.tʰ.aː	ʔʷ.ʁʷ.ə	s.i.b	t.a.t.a.t.ĩ	b.o.l	k.e.n.ɑ	p.oː.k	x.i.qʼ.i	ʔ.b.i.f.i	a.m.ɨ.s.a.i.n	k.e	ŋ.u.b.u	h.i.n.ḭ	ǀ.a.n	t.o.p.o	f.ɪ.ʈʂ.ʊ.ɲ	ʃ.ɨ.r.a.t.a	aː.p.a.h.t.iː	ɬ.i.t	h.ɔː.k.ɔ	j.aː.t.ɲ.ə	k.i.a.s.m.a	m.u.k.u.i.n.t	k.o.u.w.a		ʃ.u.l.e	p.u.j.ɔ.q	tʰ.a.s	j.o.k.o.n.i.m	i.i.t.o		p.o.a.i	aʰ	t.e.ts.a.χ	tsʼ.u.kʼ.a	ʂ.a.ŋ.ɡ.i.j.a.n	m.a.l.a.ʔ	k.a.i.ʔ.k.e	n.ĩ.j.a	p.u.j.u	ɨ.ts.ɨ.x.ɨ	k.õ.ĩ		o̰.b.e	h.e.h.u.k.u	i.ʃ	w.a.s.i		s.u.w.i.e.l	ʃ.o.b.o.l.i	
soil	t.j.e.r.a	tʰ.u	i.j.e.p.e	a.ɾ.dˤ	l.ə.m.a.h	n.eː.l.a	t.o.p.ɾ.a.k	t.ɯ.t.i	ɗ.ɤ̆.t	d.i.n	h.ɨ.l.ɡ	l.o.w.o	t.ɔ.l.ɔ.j	l.ua	h.a.ʎ.pʼ.a	ʃ.ɔ.r.ɔː	ɕˀ.i.ɡʷ.ɮ	u.l.e.w	ɨ.ʋ.ɨ	n.i.a.d.a.ɡ.i	j.u.u	tɬ.ɑː.l	l.a.qʼ.a	h.a.i	m.m.a	l.u.r	d.o.b.o	t.ḭ.j.a̰.t	ŋ̊!ʰ.u.u	t.o.n.a	m.ɜ.p.ʊ	e.tʃ.e.r.i.n.t.u	a.s.k	ɬ.eː.ʒ	n.a.s	k.ə.p.m.aː	t.a.s.b.a	n.u.n.k.a	u.d.a.a		kxˀ.a		t.i.k	k.a.n.i	m.o.o.t.i.n.a		b.ɨ.n	k.i.w.e	h.u.n̥.a.t	ǀʼ.i.n.a	b.o.i.χ.o.n	a.l.w.a	w.a.i.ʔ.ɨ.m.ɨ	ŋ.ɡ.a	m.a.n.t.a	a.ts.a	m.a.i	m.a.ʃ.i.t.a	d.ḭ.t.a	h.o.b.a.h.i	s.u	t.a.b.a.m		b.i.t.e	l.u.k.f.i	k.a.t.o.h.i
star	e.s.t.r.e.ʎ.a	ɕ.i.ŋ	i.r.a.w.ɔ	n.i.ɡ.m.a	ɭ.i.n.t.a.ŋ	tʃ.u.k.k.a	j.ɯ.l̴.d.ɯ.z	h.o.s.i	s.a.w	d.aː.w	b.j.ʌ.l	s.u.l.u.e	tʃ.i.l.l.ɔ.ɡ	n̥.o.q.o	q.u.j.ʎ.u.r	ɔ.t	v.a.ʁʷ.ə	tʃʼ.i.m.i.l	dʲ.a.s.ɨ.ɾ.a.t.a	v.a.r.s.kʼ.v.l.a.v	mb.u.i.i	s.iː.tɬ.ɑ.l	w.a.r.a.w.a.r.a	ts.ʌ	x.o.ɺ.o.ts.ɨ	i.s̻.a.r	m.u.k.e		ǀ.a.m.i.ɾ.o	ŋ.o.m.a	w.ɜ.ŋ.ɘ.l.ë.n	x.o.s.k.u	a.ts.aː.h.k.w	s.õ.ʔ	m.aː.ts.a	k.u.n	s.l.i.l.m.a		l.u.s.e.r.o		‼.ũ	u.ɬː.ɔ.ʁ.i.j.ɑ.q	a.s.u.m.u.n	d.a.l.o	k.a.i.p.a	k.a.i.w.ɔ.n.ɔ.h	l.u	aˀ	q.a.t.e.s	ǀn.o.w.ã	u.s.i.χ.a	w.a.q.a.h.ɲ.i	ẽ.ʔ.t.a	k.ɾ.ĩ.ŋ	k.i.l.i.l.p.i	t.u.l.u.p.u	ɥ.i.ʃ.t.ĩ	p.u.r.i.w.a.r.i	j.õ.k.o.a	k.u.ɾ.a	k.ɨ.ɨ.m.a	s.k.e.n	ts.i.ɾ.i.k.o.ʔ.o.ʔ.a.ʔ	b.a.ɡ.n.o.f.u.t	f.i.tʃ.i.k	n.o.kʰ.s.i
stone/rock	p.j.e.d.r.a	ʂ.ɹ̩	o.k.u.t.a	ħ.a.ɡ.a.ɾ	k.a.ɽ.a.ŋ	r.aː.j.i	t.a.ʃ	i.s.i	ɗ.a	h.i.n	d.o.l	k.i.d.i	k.øː	ʐ.e	r.u.m.i	tʃʰ.ʊ.l.ʊː	m.i.v.ə	a.b.a.x	i.t.a	kʰ.v	k.ɑ.n.ɑ	t.e	q.a.l.a	d.o	i.p.a	a.r.i	h.ɒ	tʃ.i.w.i.ʃ	ŋ̊ǁʰ.o.m	t.e.t.o	k.ʊ.ʐ.ɜ	ts.a.k.a.p.u	a.s.i.n.i.j	tsʰ.e	ts.a.ʔ	m.a.t.u	w.a.l.p.a	k.a.j.a	m.õ.ŋ.ɡ.a.r.a		n!.m̩	u.j.ɑ.ʁ.a.k	d.a.n	d.u.k.a	a.r.u	t.ɨ	l.a.m.b.a.t	k.w.e.t	t.e.n.t.e	d.i.i.n	v.ə.x.ə	q.a.ʔ	n.u.t.a	p.ɐ̃.ɾ.ɔ	p.u.ɭ.i	i.b.o	ʃ.ã.k.a	m.a.a	ɨ̰.t.a	h.o.j.o	u.k	ɸ.r.a	ɨ.ʔ.d.o.k.ɨ.x	f.u.n	t.a.l.i.ʔ	n.ə.j.a
sweet	d.u.l.θ.e	t.i.ə.n	d.i.d.ũ	ħ.i.l.w	l.ə.ɡ.i	t.iː.p.i	t.a.t.l.ɯ	a.m.a	ŋ.ɔ.t	w.aː.n	d.a.l	m.a.m.ɪ.t	eː.d.ɛ.ʃ	q.a.ŋ.ʐ.i	m.i.s.kʼ.i		ʔ.ə.fˀ	q.i.ʔ	x.e.ʔ.ẽ	tʼ.kʼ.b.i.l.kʰ	t.e.nd.e		m.u.s.qʼ.a	u	p.ɨ.s.i.aː	a.s̻.u.k.r.e	m.a.n.e	s.a̰.q.s.ḭ	ǂχ.o.n	l.o.h.a	k.ö.tʃ.ɪ	t.e.r.i	s.iː.w.aː		p.a.ʔ.a.k	l.i.s.ə.k	d.a.m.n.i		kʼ.ũ.a		n|.ŋ̩.ʔ.ŋ̩	i.n.ɜ.q.u.n.ɑ	n.j.a.m	j.u	m.u.r.i.r.a.t.i	a.h.k.i.h.k.u	m.ɨ.n.a.a.t	nʲ.u.sʲ.a	n.i.ts.o.t	m.a	ɖʐ.a.n.ʈʂ.u.x.ɔ.n	h.a.m.a.e	m.a.i.ʔ.k.ɨ.ɾ.a	ŋ.ɡ.ɾ.ɛ̃	t̻.u.r.a.t̻.a	x.a.i.k.a	b.a.t.a	k.e.t.e.t.i	ḭ.p.i.t.i	d.i.a.b.a		m.s.u	tʃ.a.ʔ.n.a.ʔ.w.a.ʔ		tʃ.ã.p.o.l.i	k.a.n.a.s
tail	k.o.l.a	u.ə.i	i.r.ɛ.r.ɛ	d.eː.l	b.u.n.t.u.t	t.oː.k.a	k.u.j.ɾ.u.k	s.i.Q.p.o	ɗ.uə.j	h.aː.ŋ	k.o.l.i	i.p	f.ɔ.r.o.k	t.u	r.a.b.o	s.uː.l	tʃˀ.ə	x.e.ʔ	x.u.ɰʷ.a.i	kʼ.u.d.i	e.t.e.ŋɡ.e		w.i.tʃʼ.i.n.kʰ.a	tsʼ.ɨ	a.s.i	b.u.s̻.t.a.n		s.t.a.h.a.n	ŋ̊ǂˀ.a.ɾ.e	p.e.ɡ.o	k.ɘ.l.ë.n	tʃʰ.e.t.i	s.o.w.aː.ð.w.i.j	tsʰ.eː.ʔ	t.u.ʔ.ts	ɡ.ə.n.i	w.u.a.i.k.a	u.x.u.k.ɨ	d.r.u		‖x.o.e	p.a.m.i.j.ɔ.q	ɕ.i.l.a.n	d.ə.m.ə	m.o.ɡ.u	j.a.u.k.ɨ	ɡ.a.p.o	m.e.ndz	t.o.tʃ.o.s	tsʼ.w.a.a	u.n.ʈʂ.ə.x.ə.n	a.ʔ.a.ɢ.a.ʃ.e.t	ɾ.e.ʔ.ɨ̃	m.b.ɨ	w.i.p.u	b.o.s.oː	h.i.n.a	ʃ.i.n.a	p.ĩ.k.o.d.o	h.u	m.ɨ.ɨ.t.ɨ	m.i.ɸ.r.a	ɨ.ʔ.w.ɨ.ɾ.ɨ.ʔ.p.a.ʔ	e.f.l.e.ɡ	h.a.l.ĩ.b.i.s	k.a.n.i.t.a.t.ə
thick	ɡ.ɾ.w.e.s	x.ə.u	i.p.ɔ̃	t.i.x.iː.n	k.a.n.d.ə.ɭ	d.a.p.p.a	k.a.l̴.ɯ.n	a.t.ɯ	z.ă.j	n.aː	d.u.k.ʌ.b	p.e.k	v.ɔ.ʃ.t.ɔ.ɡ	t.uɑ	r.a.kʰ.u	tʃ.ʊ.tʃ.aː.n	ʔʷ.b	p.i.m	x.ɨ.p.ɨ.ʔ.ũ	m.s.x.v.i.l		t.i.l.ɑː.w.ɑ	kʰ.u.s.u	n.d.ã	k.a.ʔ.ɺ.eː	l.o.d.i		tʃ.a̰ː.t.l.a.n.k.a̰	ŋ!.a.u	d.o.d.i.a.o		x.u.n.t.u 	k.i.s.p.a.k.aː		p.ɨ.m		t.w.a.k.n.i	k.a.m.p.u.r.a.m	tʰ.ã.m.m.a.b.ʉ		ɡ‖xˀ.a	i.sː.u.s.ɔː.q	d.a.ɣ.a.n.u.m	d.u.n.d.u.m	m.u.u.t.u		ɲ.a.a.m	tsʲ.a.l	t.a.tʃʔ.u.p.w.a.j	b.o.ʔ.e	ɖʐ.i.r.a.m.i.n		j.a.ʔ.k.ɨ			a.j.a.i	k.ɯ.ʂ.t.o	s.u.p.r.e	d.o.b.o	u.k.a.b.a.k.a	k.a.t.s.a	x.o.n.t.o	b.a.ɾ.e.m.p.a.x	h.o.f.u.l.u.ɡ	t.o.l.u.s.k.i	u.h.a.k.e.t.ə
thigh	m.u.s.l.o	tʰ.u.ə.i	i.t.ã	f.a.x.d	p.u.p.u	t.o.ɽ.a	b.u.t	m.o.m.o	ɗ.u.j		h.ʌ.b.ʌ.ɡ	e.m	ts.o.m.b		tʃ.a.n.k.a	k.ʊ.j	kʷ.ə	r.a.ʔ	kʷ.a.ɾ.t.o	b.a.r.d.z.a.q.i	p.ɑ.i.ŋɡ.i	m.e.ts		n.ʃ.i.ɲ.ã	a.p.ɨ.ʔ.ɨ	i.s̻.t.e.r		t.a.n.t.iː.n		u.ɡ.u	ʎ.ɪ.k.ë	ts.i.k.a.x.t.a.kʷ.a	p.w.aː.m			d.aː.w.a	k.u.x.m.a	m.a.k.u	bʰ.a.a.k.k.a.r.a			u.pː.a.t	ʂ.a.k	b.ɛ.d.ə	m.o.k.u	i.p.e.h		h.i.mb.e	t.o.ɬ.e.tʃ.e	dʒ.i.pʰ.a	b.ə.t.x.ə	t.e.l.e.ʔ.e.t.a	p.e.ɾ.e.m.a	k.ɾ.ɛ	t̻.u.n.t.a	b.iː	k.i.ʃ.i	w.a.k.u	ɨ.s.o	d.o.ɾ.o	p.i.m.p.u.l	n.a.ɸ.a.m.u	tʃ.i.x.a.ʔ	b.i.ɡ.i.s.i.ɡ	h.a.t.t.i.p	
this	e.s.t	ʈʂ.ə	ɛ.j.i	d.a	i.k.i	i.d.i	b.u	k.o	n.ă.j	n.i	i	m.a	ɛ.z	n.a	k.a.j	ə.n	m.i	r.i.ʔ	k.o	e.s	nd.ɑ.k.e	n.i	a.k.a	n.ã	tʃ.i	a.u	n.e		n.e.e	m.a.n.e.n.a	f.ɜ	i 	a.w.a	t.iː	j.ɨ.ʔ.p	a.n.i	n.a	x.u	z.a.a.b.ʉ		ŋ̩.ŋ̩	m.a.nː.a	kʰ.e.n.e	d.a.k.ə		s.e.e.n.i	ɡ.a.j.e.n	n.a	t.o.χ.h.a	h.e.e	ə.r.ə	ʔ.e.n.a	ɲ.a	t.a.ɡ.ŋ	n̻.a.ŋ.a.t̻.a	m.aː	n.a.t.o	h.e.i	a̰.t.i	t.a.m.a	a.n.a		p.i.ʔ.ɲ.e.x.k.ɨ.x	h.w.a	i.l.a.p.p.a	h.i.ʔ.a
to bite	m.o.ɾ.d	i.a.u		ʕ.dˤ.dˤ	tʃ.o.k.o.t	k.a.ɾ.a.tʃ.u	ɯ.s.ɯ.ɾ	h.a.k.a.m	k.ă.n	k.a.t	m.u.l	k.a.j.o	x.ɔ.r.ɔ.p	t.o	kʰ.a.n.i	tʃ.ʊː	dz.ə.q	k.a.ts.o	s.u.ʔ.u	kʼ.b.e.n	n	kʷ.a.h	a.tʃ.u.q.a	t.s.a	o.x.o.t.t.a	o.s̻.k.a		ʃ.k.a	n.ã.ã	ɡ.o.l.i	ɘ.n.ɜ	k.a.ts.a.ɽ.i	m.aː.k.o.m	h.a.ʃ	w.a.s	s.a.ŋɡ.u.l	s.a.m	ɨ.s.a.r	k.a.i		!ʔ.a.e		ɡ.a.ʈ	a.k.ə	k.a.k.u	j.e.h.k.a	m.a	w.aˀ.kʲ	j.u.kʷ.a.χ	ǀʼ.ĩ.k.e	s.a.i	j.e.n.a.k		p.ɾ.a	p.a.t̻.a	s.iː	n.a.t.ɯ.ʂ	w.ə	k.ṵ̃.d.i	b.ũ		m.a.ɸ.i.t	ɲ.i.ʔ.e.x.u	n.e.ɡ	k.o.p.o.o.l.i	s.k.a.l.a
to blow	s.o.p.l	ʈʂʰ.u.i	f.i.f.e	h.b.b	d.a.m.u	w.iː.tʃ.u	e.s	h.ɯ.k	tʰ.o.j	pʰ.a.t	pʰ.u.l	k.ʊ.ð.ɔ	f.uː.j	ʈʂʰ.uɑ	pʰ.u.k.u	u.lʲ.əː	q.e.p.ɕ	ʃ.u.tʼ.u.x	p.ɨ.t.u	ʃ.e.b.e.r.v	p.o.o	p.iː.ts.a	pʰ.u.s.a	h.w.i.f.i	w.aː.w.a.t.a	a.u.s̺.p.o.t.u	s.u.r.u		!.o.m	w.u	p.ɪ.m.ʊ	pʰ.u.n.i.t.a	i.s.i.ð.o.w.iː	j.o.ɬ	s.u.s	p.u.p	p.u.b		h.ã.r.ã.m.p.u.a.i		m.aˤ	a.n.ɔ.ɬː.ɜ	d.V.ɕ.a.r.a.ɡ.i.n	m.a.w.ə.s.i	u.u.p.u	i.p.u.m.a	k.u.p.o.l	p.u.tʰ	j.a.fʷ.i.t	ǀn.u.pʰ.a	f.u.ɡ.i.j.ə	k.i.tʃ.i.t	j.a.k.u.e	p.ɐ̃.m.ĩ	p.uː	u.x.u	p.a.j.a	h.o.r.a	p.u.t.i	a.h.a.k.ã	u.s	n.ɸ.i.e	p.x.u.ɨ.ʔ.ɨ	f.w.i.a.f.e	m.a.ɬ.i	t.a.t.ə.s
to burn (intr.)	a.ɾ.d	ʐ.a.n	dʒ.o			k.aː.l.tʃ.u	j.a.k	m.o.e	tɕ.ă.j		tʰ.a	w.a.ŋ	eː.ɡ	tɕ.i	l.a.r.w.a	j.a.tʰ	i.s	n.i.k.o.w	x.o.ʋ.e.ɾ.e	d.a.tsʼ.v	t	tɬ.ɑ.tɬ.ɑ	n.a.qʰ.a	z.ʌ	x.o.t.a	e.r.e		ɬ.k.u	kx.a.u	u.k.u	ɘ.j	a.pʰ.a.ɽ.i	p.a.s.i.s	kʼ.ãː.ɬ	h.i.p.s	j.aː.n	k.l.a.u	k.a.p.ã.r	e.r.a.d.r.ɨ.b.ɨ.rʼ.ɨ		k.u.ʔ.u	i.k.u.w.a.l.a	ɣ.o.l	h.o.n	u.ɡ.u	e.h.p.ɔ.t.ɨ	p.ɨ.n.d.a.t	k.a.mb	l.a.kʔ.e	ǂn.a.tsʼ	d.a	ʔ.e.d.o.i	j.a.u.ɾ.a		k.a.m.p.a	t.a.h.u	m.ɯ.n.o			d.o.k.ũ	p.a.k			t.u.h.l.u	l.o.w.a	k.a.l.e.j.ə.s.ə
to carry	ʎ.e.b	t.a.i	r.u	ʃ.V.l		m.o.j.j.u	t.a.ʃ.ɯ	h.a.k.o.b	v.a.k	b.ɛː.k	n.a.l	t.i.ŋ.o	v.i.s	ɴq.a.ŋ	a.p.a	tʃ.oː	ħ.i		ɾ.u	tʼ.a.r.e.b	m.ɑ.nd	w.iː.k.ɑ	a.p.a	t.u	a.ɺ.ɨ.ʔ.ɨ.x.a	e.ɾ.a.m.a.n	w.ẽ	l.ḭ.j.a̰	t.a.n.i	t.i.d.e	j.ë	p.a	t.a.h.k.o.n	ʔ.aː.ɬ		s.ə.l.a.k.ə.t	b.r.i.w	x.u.k.i	e.tʰ.e.i		t.ã.n.i	a.sː.ɑ.tː.ɔ	b.a.l.d.a	a	m.u.a	p.i.n.t.ɨ	t.u.p.a	a.t	tʃ.o.χ	t.i.k.w.e	d.a.χ.a.b.u	d.o	j.a.ŋ.e	w.a	k.a.t.i	k.a.p.o	β.o	m.a.o	o̰.b.a	k.o.n.a.r.ũ	i.ŋ	n.a.s.o.m	x.e.n.p.u.ɨ	u.k.u	i.a	a.w.i.t.ə.t.i
to come	b.e.n	l.a.i	w.a	ɡ.V	t.ə.k.a	w.a.tʃ.tʃ.u	ɟ.e.l	k.ɯ	ɗ.e.n	m.aː	o	b.i.r.o	j.ø.n	t.uɑ	h.a.m.u.j	i.r	q.ə.kˀʷ.ə	p.e.t.i.k	x.u.a.ʔ.ĩ	m.o.s.v.l	i.p		x.u.t.a	e.h.e	a.n.t.a	e.t.o.r.i	d.u.k.a	m.i	h.a.a	a.d.o	ɜ.k.ʊ	x.u.ɽ.a	t.a.k.o.s.i.n	k.aː.ɬ	m.i.ɲ	j.aː	b.a.l		u.r.u		ɡ|.e	p.i	ts.r.u.m	m.ə	u	i.i.p.ɨ	s.i.l.a	j.uʰ	n.o.m	ǀ.i	ɖʐ.i	w.i.ʔ	ŋ.u	k.ɐ̃.t.ĩ.ŋ	p.i.t̻.a.n̻.i	p.a.t.a	h.o.t.i		a̰.t.i	n.a.õ	a		ɨ.x.tʃ.ɨ	b.l.o	a.h.iː	k.a.l.u.tsʰ.ə
to crush/grind	a.p.l.a.s.t	s.u.i	f.u.n.p.a	f.ɾ.m	ɽ.ə.ʒ.ə.k	ɾ.aː.tʃ.u	e.z	t.ɯ.b.ɯ.s	ŋ.iə.n	b.iː.p	ɨ.k.e	t.ɔ.j.ɔ	z.uː.z		k.u.t.a	x.ə.m.x.ə.r	qʷ	q.a.x.b.e	a.p.a.t.u.k.a	d.a.pʰ.kʰ.v	i.n.d		kʼ.i.j.a	p.æ.tʼ.i	a.j.ɨː.x.a	a.n.k.a.p.e	t.ɯ.ɡ.u	tʃ.ḭ.n.t.a	x.a.i	w.a.r.o	ʐ.ɘ.ŋ.ɘ.m	tʃʰ.a.t.a	s.aː.m.a.k.a.t.a.h	tʃ.ĩ.ʃ	h.a.ʔ.p	ŋɡ.ə.t.ɲ.a	w.a.u		b.ʉ.a.i			i.p.i.sː.a	d.V.ɡ.u.r.ɡ.u.n	j.a.l.e.i.z.a.l.e	k.o.ŋ			w.aˀ.tsʰ.u	i.tʃ.u.fʷ.a.χ	n.o.w.e	m.ə.i.ɖʐ.ə	d.a.p.a.q	j.a.ɲ.a.i.ʔ.m.ɨ	ŋ.ɡ.ɾ.ɔ.d.n	r.u.ŋ.k.a	ts.a.k.i	β.i.t.a.ʂ	k.a.t.i.k	t.ḭ̃.a	d.a.s.ĩ	k.ɨ.ɨ		k.ʔ.a.ɾ.ɨ	p.i.ɡ.i.a.s.k.o	k.a.ɬ.a.l.i	s.t.o.s
to cry/weep	ʎ.o.ɾ	kʰ.u	s.ɔ.k.ũ	ʕ.eː.tˤ	t.a.ŋ.i.s	eː.ɖ.tʃ.u	aː.l.a	n.a.k	k.ɔ.k	h.a.j	u.l	j.w.a.k	k.i.aː.l.t	q.uɑ	w.a.q.a	ʏɪ.l	ʁʷ.ə.ɣ	o.qʼ.i.k	dʲ.a.x.e.ʔ.o	tʼ.i.r.i.l		tʃ.oː.k.a	x.a.tʃ.a	z.o.n.i	a.ʔ.j.a.ɺ.a.ʔ.a		m.u.j.a	t.a̰.s.a	a.a	a.r.i	ŋ.ɘ.m.ɜ	w.e.r.a	m.aː.t.o	tʃ.a.h	w.e.h	ŋɡ.ə.r.a	i.n	u.t	h.ĩ.a.ĩ		dʒˀ.ŋ̩	q.i.j.a	h.e.r	d.i.m.ə	p.i.a.p.i.a		l.i.i.l	uˀ.n.e	a.fʷ.ɬ.i	k.e	s.o.ŋ.ɢ.o	j.i	ɾ.ɨ.d.o.ʔ.ɨ	w.ɛ̃.k.ɾ.ɛ̃.n	u.l.a	n	β.ɯ̃.õ	ɨ.k.ɨ̃	u.t.i	o.n.ã	a.z	n.a.w.i.a	a.x.ɛ.ʔ.u	u.f.w.e	j.aː.j.a	a.tɬ.oː.h.i
to do/make	a.θ	ts.u.ə	ʃ.ɛ	ʕ.m.l	ɡ.a.w.e	tʃ.eː.j.u	j.a.p	s.ɯ	l.a.m	tʰ.a.m	h.a	t.ɪ.m.ɔ	t.e.s	uɑ	r.u.r.a	x.iː	ɕˀ	b.a.n.o	dʲ.a.p.o	kʼ.e.tʰ.e.b	p.i		l.u.r.a	h.o.k.i	aː.ʔ.i.n.r.a	e.ɡ.i.n	m.i.k.e	tʃ.i.tʃ.ḭ	t.i.i	a.k.a	d.ë.w.m.ɜ	u.n.i	t.oː.t	n.iː.l	w.a.t	j.a	d.a.u.k		o.i		o	i.l.i	t	k.o	a.p.a	k.ɔ.n.e.k.a	m.o.t.ɨ.l	β.i.t	ʔ.i.w.u.j.e	ǀn.i.i.r.a	a.r.a	i.ʔ.o.t	n.a.ʔ.ɨ	ɛ	p.a.l̻.a	e.x.a	a	t.a	ʋ.e.e	n.o.n.ã	k.i	n.n.o	x.e.ʔ.p.u.ɨ	f.e	m.i.h.tʃ.i	n̥.a.t.ə
to drink	b.e.b	x.ə	m.u	ʃ.ɾ.b	o.m.b.e	t.aː.ɡ.u	i.tʃ	n.o.m	uə.ŋ	d.ʉː.m	m.a.sʰ.i	m.a.ð.ɔ	i.s.i.k	h.ou	u.p.j.a.j	ʊː.n	j.ə.f	k.u.m.u.x	s.ɨ.ɾ.ɨ.k.u	d.a.l.e.v	n	iː	u.m.a	ʔ.b.æ.tʼ.i	aː.p.a	e.d.a.n	ɲ.a	w.a̰	a.a	u.d.o	p.ɘ.t.ʊ	i.ts.ɨ.m.a	m.i.n.i.h.k.w.iː	tɬʰ.ĩ.ɬ	ʔ.u.k	k	d.i	u.m.a.r	dʰ.o.o.i		ʃ.ŋ̩	i.m.i.ŋː.ɜ.ʁ	m.e.n	a.n.ə.s.i	r.o.i	j.e.n.ɨ.r.ɨ	m.a	t.u.ndʲ	j.o	tsʼ.e	o.m.i	j.o.m	a.ɨ	k.ɾ.o.d.n	t̻.i.k.i	a	ʂ.ɯ.a	k.o	s.ḭ̃.d.i	h.o.b.ĩ	k.u	n.a.t.a	a.ʔ.u.x	n.e	i.ʃ.k.o	t.i.tʰ.a.s
to eat	k.o.m	ʈʂʰ.ɹ̩	dʒ.e.ũ	ʔ.k.l	m.a.ŋ.a.n	t.i.n.u	j.e	t.a.b.e	ă.n	k.i.n	m.ʌ.ɡ	tʃ.a.m.o	e.s.i.k	n.ɑo	m.i.kʰ.u.j	i.t	ʃ.x	w.a.ʔ	dʲ.e.p.ɨ.ʔ.a.dʲ.o.k.o	tʃʼ.a.m	n	kʷ.ɑː	m.a.n.qʼ.a	ts.i	e.k.a	j.a.n	m.ɾ.ʌ.ɾ.e	w.a̰	ŋ̊ǂˀ.ũ.ũ	o.d.o	ɪ.n	tʰ.i.r.e	m.iː.ts.i	ɣ.ĩː.ɬ	k.u.ʔ.t	k	p.i	n.u.tʃ.ɨ.r	n.e.e.k.o.i		m̩	t.a.m.ɔ	kʰ.a.n.a	a.n.ə	t.a.m.u	e.n.t.ɔ.m.ɔ.h.k.a	m.a	uˀ	ʔ.e.k	m.a.n.tʃʰ.a	ɖʐ.ə	k.e.ʔ.e	ŋ.o̰	j.ɛ̃.n	m.u.ŋ.u	x	p.i	w.a	b.a̰.a	n.a.h.o.ɾ.õ	k.w.a	n.a.i.t	k.u.ɛ.ʔ.n.ɨ	n.e	ĩ.p.a	k.i.s
to fall	k.a	d.a.u	ʃ.u.b.u	w.ʔ.ʕ	tʃ.ə.b.ɭ.o.k	p.a.ɽ.u	d.y.ʃ	o.t.i	z.ɤ.j	t.o.k		l.w.a.r		p.o.ŋ	u.r.m.a	b.ʊː	dʒ.ə.l	ts.a.k	ʔ.a	d.a.ts.e.m	m.ɑ.ŋɡ	w.e.ts.i	l.i.w.i.s.i	h.ʌ.e	o.x.u.t.t.a	e.ɾ.o.ɾ.i	b.e.k.o	t.a.p.ḭ.l.ḭ	ŋǂ.a.a	t.u.r.a	n.ɜ.w	p.o.k.s.a.t.a	k.a.w.i.p.iː	t.a.s	ts.u.t	a.k.ə.r.ə	k.a.u.x	i.n.aː.r	bʰ.a.a.i		ɡ‼.a	ɔ.ɬː.u	b.a.l	d.u.w	u	e.n.a.h	m.a.p.ɨ.l	w.e.t.e	t.o.ɬ.pʰ.o	!ʼ.a.w.e	t.u.x.ə	q.a.ɲ.i	dʒ.i	k.u.t.ɛ̃	p.a.t̻.a.ŋ.a.ɽ.a	h.oː	p.o.ʂ.o	k.e	b.ɨ.d.ɨ	n.a.k.ã	n.a.j.ŋ	m.b.t.e.k	m.o.a.ʔ.tʃ.e	p.e	i.t.t.o.l.a	u.l.o.s.ə
to give	d	k.ə.i		d.d	a.w.ɛ.h	i.tʃ.tʃ.u	v.e.r	k.ɯ.r.e	c.ɔ	h.a.j	dʑ.u	m.i.j.o	a.d	t.ou	q.u	o.k	t.i	j.a.ʔ	dʲ.o.p.o.i	m.i.ts.e.m	m.ɑ.i	m.ɑ.k.ɑ	tʃ.u.r.a	d.a	aː.p.aː	e.m.a.n	b.i.ẽ	m.aː.s.t.a̰ː	m.a.a	h.i.k.e	ɘ.l	i.n.ts.k.u	m.iː.ð	ʔ.aː.ɬ	ts.i.ʔ		j.a.b		d.i.a.i		n.e.ʔ.e	t.u.n.i	u	j.e	o	i.t.ɨ.r.ɨ	l.a.n.a	ũ.s.u		p.o	b.u	ʔ.a.n	n.a.ʔ.ã	w.i.d.n	u.ŋ.a	r.a.h.u	m.ɯ.n.i	h.i.p.ə	o̰.o	m.o.ã	k.w.i.n	n.e.e	x.e.ʔ.p.u.ɨ	f.a.i	a	a.t.a.n.e
to go	i	tɕʰ.y	l.ɔ	ɾ.ħ	ɭ.u.ŋ.a	w.e.ɭ.ɭ.u	ɟ.i.t	i.k	ɗ.i	p.a.j	ɡ.a	tʃ.o.m.o	m.ɛ.ɟ	m.o	r.i	j.a.p	kˀʷ	ʌ.b.e.k	x.o	tsʼ.a.v.l	p		s.a.r.a	m.a	o.ʔ.u.n.a	j.o.a.n	n.i.k.i.ẽ	a̰	!.ũ.ũ	t.a.ɡ.i	ɜ.m.ʊ	n.i.r.a	i.t.o.h.t.iː	k.aː.ɬ	n.ɨ.k.k	j	w	w.ɨ	õ.a.ĩ		u	p.i.s.u.p	ts.r.e.m	ə	p.e	w.ɨ.t.ɨ	e.l.a	uˀ.h	j.i.k	ʔ.ã.ã	ɡ.ə.n.ə	k.e	ũ	m.ũ	a.n.a	p.o	k.a	h.u	ʋ.a̰.a	n.a.ɾ.ũ	ɨ	n.a.m.o	tʃ.ɨ.ʔ.ɨ	i.k.a	i.j.a	n.e.k.e.s
to hear	o.i	tʰ.i.ŋ	ɡb.ɔ	s.m.ʕ	k.ɽ.u.ŋ.u	w.i.n.u	i.ʃ.i.t	k.i.k	ŋ.ɛ	j.i.n	d.ɨ.d	w.i.n.dʒ.o	h.ɔ.l.l	n̥.ao	u.j.a.r.i	s.ɔ.n.s	z.ə.x.ə.x	t.a.ʔ.o	x.e.nd.u	m.o.s.m.e.n	s	k.ɑ.k.i	i.s.tʼ.a	ʌ.d.e	aː.p.aː	e.n.ts̻.u.n	d.o.ĩ	q.a.ʃ.m.a.t	ŋǁ.ã.ũ	i.s.e	ɜ.ʎ.k	k.u.ɽ.a	p.iː.h.t	tsʼ.ĩː.ɬ 	m.a.t.o.ŋ	v.ə.k.n.w.u	w.a.l		ʉ̃.rʼ.ĩ		tʃ.a	t.u.s.ɑ	d.V.j.a.l	b.o.d.o	r.u.ɡ.e			w.ẽ.s.ẽˀ.h	l.o.t	kʰ.e.ʔ.e	d.o.n.ɖʐ.i	ʔ.a.ɢ.a.j.a		m.ɛ̃.ŋ.m.ɛ̃	k.u.l.i		n.ĩ.k.a		t.ɨ̰.o	n.o.k.õ	m.ɨ	n.a.r.i		h.i.ɡ	h.a.k.l.o	t.ə
to hide	e.s.k.o.n.d	t.u.ə	b.o	x.b.b	u.m.p.ə.t	d.aː.ɡ.u	s.a.k.l̴.a	k.a.k.ɯ	z.ɤ̆.w	s.ɔː.n	sʰ.u.m	p.a.n.d.o	r.ɛ.j.t	ʐ.ai	p.a.k.a		ʁ.ə.p.ɕ.kˀʷ	a.w.a.x	m.o.ʔ.ã	d.a.m.a.l.v			i.m.a.n.t.a	ã.ɡ.i	o.u.n.x.u.ɺ.a	e.s̻.k.u.t.a	u.k.e	ts.ḛː.q	s.ã.ũ	m.a.s.i	ë.ʎ.k.ɜ	x.i.s.k.a	k.aː.s.o	tʼ.ĩː.ɬ	j.a.m	p.aː.k.u	j.u.k.u.k	uː.k	m.ẽ.r.a.i		k.a.ʔ.m̩	t.ɔ.qː.ɔ	u.r.k	j.a.n.e	m.i.n.a	e.n.ɔ.m.ɨ	k.a	s.ũ.tʰ	s.k.a.t	ǁ.w.a	ɖʐ.a.i.l.a	ɢ.o.x.o	ɾ.ɨ.k.ṵ.ʔ	p.e.j.u	k.u.m.p.i	m.ã.t.a.j.a	h.o.n.ɯ	h.i.t.ə	d.ɨ.o	e.s.o.t.õ	p.w.i.n	n.m.u.t	d.a.x.a.ʔ.w.a.ʔ.tʃ.i	k.u.m.o.h.l.a.i	l.o.h.m.i	t.i.s.k.a.l.o
to hit/beat	ɡ.o.l.p	t.a	ɡb.a	x.b.tˤ	k.ə.p.r.u.k	k.o.ʈ.ʈ.u	v.u.ɾ	n.a.ɡ.ɯ	ɗ.a.ŋ	t.iː	tɕʰ.i	tʃ.w.a.d.o	y.t	nt.ou	t.a.k.a	tʃ.œː.xʲ	j.ə.w	n.a.kʼ.b.a.ʔ	x.a.ʋ.i.ɾ.a	d.a.r.tʼ.qʼ.m	p.i	w.iː.t.e.k.i	n.u.w.a	f.a.n.tʼ.i	a.ʔ.j.aː.t.a	j.o	d.o.k.e	k.a̰.ʃ.i	ŋǂ.a.u	ŋ.a.p.o	m.ɘ.ʈʂ.ö.ŋ	a.t.a	t.aː.w	ts’.ĩː.ɬ	k.o.ʔ.ts	v.i.j.a	p.r.u.k		k.a.r.a.i		n!ʰ.o	u.n.a.t.ɑ	d.e.l	h.a.b.ə	t.o		j.a.l	u.w.e	ʔʲ.a.χ	kʰ.a.a	t.a.n.d.a	a.w.a	n.a.k.u.a̰.ḭ.ʔ.k.a	p.u.k.p.ɔ.ɡ.ŋ	p.u.ŋ.a	b	tʃ.o.ʃ.a	ʃ.ə	p.a.a	a.h.ĩ	p.j.a.n	n.a.i	k.u.a.x.k.u.a.ʔ.p.u.ɨ	t.i.ɡ.e	i.s.s.o	t.a.t.ə.s
to know	s.a.b	ʈʂ.ɹ̩	m.ɔ	ʕ.ɾ.f	e.r.t.i	t.e.l.i.j.u	b.i.l	s.i	ɓ.iə.t	r.uː	a.l	ŋ.e.j.o	t.u.d	p.ou	j.a.tʃ.a	m.ə.t	ɕˀ	r.e.t.a.ʔ.m	kʷ.a.a	ts.n.o.b	m.ɑ.s	m.ɑ.t.i	j.a.t.i	p.ã.d.i	a.t.ɨ.x.a	j.a.k.i.n	ɡ.a	k.a̰.ts.iː	ŋ̊ǂˀ.a.n	n.a.k.o	k.ɪ.m	m.i.t.i	k.i.s.k.iː.ð.i.h.t	tʃʰ.ĩː.h	h.ɔː.d.ɔ.ŋ	k.u.t.nd.ə.ŋ	k.r.a.i.k	n.ɨ.k.a	k.a.o.a.i		ʔn‼.e.h.i		h.e.n		m.o.r.u	e.p.u.t.ɨ	l.o.s	h.i.i	j.i.h.a.n.e.x	m.i.n.i.k	s.a	a.j.a.t.e.n		k.a.d.ɲ.d.ɾ.ɔ	n.i.n.t.i		o.n.ã		b.a.s.i	n.a.m.i.n.ã	p.j.a.n	n.x.a.r	e.x.u.k.u	a.n.w.e.n.a.f.e	k.h.aː.n	tʰ.ə
to laugh	ɾ.e.i	ɕ.a.u	r.ĩ	d.ħ.k	ɡ.u.j.u	n.a.w.w.u	ɟ.y.l	w.a.r.a.w	k.ɯə.j	h.u.a.r.ɔ	u.sʰ	ɲ.ɪ.ɛ.r.ɔ	n.ɛ.v.ɛ.t	ʈ.o	a.s.i	ə.nʲ.əː	d.i.ħ.ə.ʃ.x	ts.e.ʔ.n.i.k	p.u.k.a	ɡ.a.ts.i.n.e.b		w.e.ts.k.ɑ	l.a.r.u	t.h.e.d.e	a.s.i.r.a.x.a			l.iː.ts.ḭː	a.̃ĩ	d.o.h.e	ɜ.j.ë	t.e.r.e.k.u.ɽ.i	p.aː.h.p.i	tɬ.o.h	ʃ.i.k	w.aː.ŋɡ.i	k.i.k		i.pʰ.i.dʰ.a.i		ʃ.i	i.ɬː.ɑ	ɣ.a.s	h.a.d.ə	k.u.k.u.r.e	s.i.h.s.i.h	l.a.a.l	sʲ.iʰ.k.a	tʔ.i.s.tʃ.e.j	kʼ.o.j.o	i.n.ɖʐ.ə	l.a.ʃ.i	k.u.ɡ.ɨ	n.d.ɨ	i.k.a.r.i.ŋ.a		o.s.ã	i.k.ã	b.u.h.i	e.n.õ		n.a.s.a.h		t.i.t.ɡ.e	j.o.p.p.a	j.eː.tsʰ.t
to run	k.o.r	pʰ.a.u	s.a.r.e	ɡ.ɾ	p.l.a.j.u	p.a.ɾ.i.ɡ.e.t.t.u	k.o.ʃ	h.a.s.i	tɕ.ă.j	w.i.ŋ	d.a.l.l.i	r.ɪ.n.ɡ.ɔ	f.u.t	nt.ou	pʰ.a.w.a	k.yi	ʒ		mb.i.ɾ.i.k.i	r.b.e.n		tɬ.ɑ.l.o.ɑː	x.a.l.a	n.e.s.tʼ.i.h.i	a.w.a.t.a	k.o.r.i	n.ẽ	q.o.s.n.a	!χ.o.e	m.a.ɡ.o.ɡ.o.r.a	l.ë.f	w.i.r.i.a	p.a.h.t.aː	ɣ.o.ɬ	p.ɔ.j	p.ə.t.ə	p.l.a.p	ts.ɨ.k.ɨ.n	p.i.r.a.i		!.a.ã	q.ɔ.ɬː.uː.l.a	h.u.e	h.a.k.a	k.u.r.o	e.k.a.h.t.u.m.ɨ	m.o.n.d.u.t.ɨ.l	w.u.w.u.u		tʰ.a	f.ə.q.s.i	ʔ.a.ʃ.i	ɲ.a.ã.tʃ.i	f.ũ.ɾ.ũ.n	w.i.r.t̻.a.p.a.k.a		i.ʃ.t.o	r.ə.r.ə	o.b.a	h.a.k.ã		n.x.o.x	x.o.ʔ.p.ɛ.ʔ.ts.i	k.i.k.i.n.i.k.a	b.a.l.iː.l.i	
to say	d.e.θ	ʂ.u.ə	s.o	ʡ.l	tʃ.a.ɭ.a.ʈ.u	tʃ.e.p.p.u	s.œ.j.l.e	i	n.ɔ.j	pʰ.uː.t	h.a	k.o	m.o.n.d	h.ai	ɲ.i	x.ə.l	ʒ.i.ʔ	b.i.x	e	tʰ.kʰ.m	ɽ		s.a	m.ã	m.aː	e.s.a.n	ɲ.e	w.a	m.ĩ.ĩ	t.e.m.o	p.ɪ.n	a.ɽ.i	i.t.w.iː	n.iː.ɬ	n.ɨ.m	n.a	w.i	t.i.t.i.n	h.a.r.a.i		k.o.e		s.e.n	ə.l.ə	a.a	t.a.a	m.a.m.o	kʲ.ãˀ.h.ĩ	j.u.q	b.o	ɡ.i.s.u.r.ə	a.ɢ.a.t	u	k.ɛ	w.a.t̻.a	h.a	a	k.u	d.iː	d.i.b.ũ	k.i.ʒ	n.a.w.e	p.e.ɨ.x	s.i.h.i	m.i.j.a	h.i.n.e.k.i
to see	b.e	kʰ.a.n	r.i	ʃ.f	w.ə.ɽ.u.h	tʃ.uː.ɽ.u	ɟ.œ.ɾ	m.i	tʰ.ɤ̆.j	h.e.n	b.o	n.ɛ.n.ɔ	l.aː.t		m.u.h.u	u.tʃ	ɮ.a.ʁʷ	k.r.i.l.o	x.e.ʃ.a	n.a.x.v	k.ɑ.n.d	i.t.t.ɑ	u.ɲ.x.a	n.u	e.ʔ.r.a	i.k.u.s̺.i	ɡ.a.ĩ	ṵ.k.ʃ.i.ɬ	m.ũ.ũ	n.a.n.o	l.ë.l.ɪ	i.ʃ.e	aː.p.i	ʔ.ĩː.ɬ	ʔ.i.ʃ	v	k.a.i.k		u.n.u.i		h.ŋ̩	q.a.n.i.m.ɔ	j.e.ts	ə.d.ə	ŋ	e.r.a.h.m.a		uʰ.	ʔʷ.e.n	ǀʔ.e.e	t.u.v.a	l.o		w.ɛ	n̻.a.ŋ.a	t	h.i.s	t.a	ḭ̃.y.a	m.ĩ	i.ʒ	n.m.a.t	t.a.o.ʔ.p.u.ɨ	n.a.ŋ.u	p.ĩ.s.a	k.o
to stand	p.a.ɾ	ʈʂ.a.n	n.ɔ.r.o			n.i.l.a.b.a.ɖ.u		t.a.t	ɗ.ɯ.ŋ	j.ʉː.m	sʰ.ʌ	tʃ.u.ŋ	eː.ɡ	ʂ.eu	kʼ.a.n.a	p.ɔ.s	ɕ.i.t	t.a.kʼ.i.ʔ.k	x.o.ʋ.e.ɾ.e	d.ɡ.o.m			s.a.j.tʼ.a		a.ʃ.a.ʔ.w.a.ɺ.a	s̻.u.t.i.e.ɾ.a.s̻.i	n.a.i.n.k.r.ʌ	j.a.h	m.ã.ã	m.a.ʔ.o.k.o	w.ɪ.ʈʂ.ɜ	x.a.w.a.r.a	k.aː.p.a.w.i	z.ĩː.ɬ	t.eː.n	t	b.u	w.a.x.a.s	n.ũ.j.a		ɡ‖.a	n.i.k.ɔ.fː.a	ɣ.e	h.ə.b.ə	i.t.a		t.e.a.n.ɡ.a	j.u.h.u	t.a.q.a.s.i.t	ɬ.e.e	i.l.i	a.tʃ.a.t	i.n.a.tʃ.i	j.ɛ̃	ŋ.a.ɽ.a	n.uː	n.i.n.a	u.pr.a	d.ṵ.k.u	k.a.n.a.m.ã	ʃ.a.t.p.a.t.a	n.r.o.s	k.x.ɨ.ʔ.ɨ	ɡ.o	h.i.k.ĩ.j.a	k.a.t.o.k.ə
to suck	s.o.ɾ.b	ɕ.i		l.ħ.s	ə.m.p.e.ŋ	p.iː.l.tʃ.u	e.m	s.ɯ	m.u.t	o.m	p.a.l	ɲ.ɔ.ð.ɔ	s.iː.v		u.p.i		ɕˀ.ə.f	tsʼ.u.ʔ	p.ɨ.t.e	tsʼ.o.v	m.ɑ.k.ɑ.p.u.s	tʃ.iː.tʃ.iː	tʃʼ.a.m.u	ts.ɨ.tʼ.i	a.tʃ.u.ʔ.ɺ.a	i.ɾ.e.n.ts̺.i	b.o.s.e	ts.ṵ.ts.ṵ	ǀ.o.m	s.o.d.u	f.ö.tʃ.ɪ.z	ʃ.u.ɽ.u.n.d.i	ð.o.w.a.m	tʼ.o.ɬ	t.u.ʔ.t	ndʒ.ə.l.i.p	u.t.b		tʰ.ã.n.s.o.i		k.a.l.o	m.i.ɬː.u.w.ɑ	m.o.ɕ.q.o	j.o.p.h.o.i.p.h.o.i	m.u.t.u	j.u.h.n.a		j.aʰ.p.e	h.i.tsʔ.e	ǀʼ.u.k.u	ɢ.o.ʈʂ.i	ʎ.i.p	n.a.tʃ.i	k.ɐ̃.x.u.d.n	k.uː.r.t̻.a.n.a	ts.u.ts.u	n.o.ʂ.o	w.a.s.u.s	s.ḭ.s.i	b.a.h.ã	k.w.a.t.a.s	t.m.o.s	ɾ.a.x.a.d.ɨ.ʔ.ɨ	a.s.a.n.k.t.a.t.a	ʃ.õ.k.a	
to take	a.ɣ.a.r	n.a	m.u	x.d	ʒ.u.p.u.k	t.iː.s.u.k.o.n.u	a.l̴	m.o.r.a.w	k.ɤ̆.m	j.i.p	b.a.d	k.a.o	v.ɛ.s	m.uɑ	h.a.pʼ.i	p.ɛ.rʲ	ɕ.t	tʃ.a.p	dʲ.a.ʋ.o.ʔ.o	a.ɣ.e.b	ɲ	w.iː.k.ɑ	a.p.a.r.a	h.æ.tsʼ.i	aː.p.a.w.a	a.r.t.u	d.ẽ	tʃ.ḭ.p.a	u.u	d.e.h.e	t.ʊ	x.u.p.i.k.a	o.t.i.h.t.i.n	ʔ.aː.ɬ	m.a.ts	k.ə.r.a	a.l.k	x.u	e.d.a.i		n‖.ŋ̩	a.v.a.l.aː.p	j.a.n	d.o.w	r.o	m.ɔ.h.k.a	l.ɨ.t.ɨ.n.a	u.w.e	tʃ.e.m	kʰ.u	ɡ.a.i	k.o.n.a	n.a.n.a	n.ũ.k.ã.n	k.a.t.i	p.i	β.o	t.ə	b.iː	o.ã		m.w.i.a	tʃ.u.a.ʔ.d.ɨ	f.l.a	i.ʃ.i	k.i.s
to tie	a.t	kʰ.u.n		ɾ.b.tˤ		k.a.ʈ.ʈ.u	b.aː.l̴.a	s.i.b.a	ɓ.uə.k	pʰ.uː.k	m.u.k	t.u.e.j.o	k.ø.t	k.ae	w.a.t.a	x.u.l	z.ə.r.i.dz	j.u.tʼ.u	a.p.a.kʷ.a	ɡ.a.m.o.n.a.s.kʼ.v	ɑ.ndʒ		tʃ.i.n.u	t.u.ʔ.t.i	e.x.i.t.t.a	l.o.t.u	m.o.k.o.d.ɾ.e		!.a.e	p.i.l.i.k.u	p.ɘ.ʐ.ö.n	x.o	k.i.p.w.a.h.p.i.t	tɬʼ.oː.ɬ	ts.e.n	ŋɡ.i	w.i.l.k	x.i.n.k.i.a	l.i.ɡ.a.i		‖ʔ.ŋ̩	q.i.l.ɜ	pʰ.u.s	r.i.i.n.e.k.o	o.ɡ.o.p.o	e.w.a.h.t.ɨ		t.u.nd	i.n.a.j.h.i.t	h.ĩ.ǀʔ.ã	f.u.l.m.i.j.ə	ɲ.i.ʔ.a.ɢ.a.n.a	j.a.n.a̰.ḭ.ʔ	m.b.ɾ.ĩ.d.ɲ	k.a.r.p.i	k.a.t.o.n.õ.h.õ	n.ɯ.ʂ.a		d.ɨ̰.d.e	k.o.j.ã		n.a.k.e	n.ɨ.ʔ.k.ɨ	k.i.k.e	ʃ.e.k.o.n.o.b.l.i	kʰ.a.n.e
tongue	l.e.n.ɡ.w.a	ʂ.ə	a.h.ɔ̃	l.i.s.a.a.n	i.ɭ.a.t	n.aː.l.o.k.a	d.i.l	s.i.t.a	l.ɯə.j	l.i.n	h.j.ʌ	l.e.p	ɲ.ɛ.l.v	mpˡ.ai	q.a.ʎ.u	x.ə.l	b.z.ə.ɡʷ	r.a.qʼ	k.ũ	e.n.a	k.e.k.e		l.a.ʃ.r.a	x.a.h.n.e	a.j.eː	m.i.i	t.i.d.ɾ.o	s.ḭː.m.a̰.q.a̰ː.t	n.a.m	l.a.d.e	k.ë.w.ɘ.n	kʰ.a.tʰ.a.m.p.a	t.iː.ð.a.n.i.j	ts.oː.ʔ	t.ɔ.ts	t.ə.k.n.a.j.ə.l.ə.ŋ	t.w.i.s.a	i.n.i.a.i	k.ẽ.r.a.m.e		dtʰ.a.l.i	ɔ.q.ɑ.q	j.u.ŋ.u.s	f.e.w	m.e.r.e	n.u	ɲ.o	tʰ.u.n.e		ǂʰ.e.ŋ	i.l.ə.ŋ.ɡ.u	tʃ.a.ɢ.a.t	k.o.n.ɨ	n.ũ.n.ɛ̃	t̻.a.ɭ.i.n̻	eː.b.a.ʐ.ɨ	h.a.n	a.k.a	j.ḛ.b.e.d.o	h.o.n.o	p.i.t	x.r.e.a	i.ʔ.n.e.x	m.e.l.e.ɡ	i.s.s.õ.l.a.ʃ	k.a.n.ə.k
tooth	d.j.e.n.t.e	i.a	ɛ.h.ĩ	s.i.n.n.a	u.n.t.u	p.a.n.n.u	d.i.ʃ	h.a	z.ă.ŋ	f.a.n	i	l.a.k	f.o.ɡ	n̥.a	k.i.r.u	ʃ.u.t	dz.ə	w.a.r.e	ɾ.ã.i	kʼ.b.i.l	n.e.ŋɡ.e	tɬ.ɑ.n		tsʼ.i	a.i	o.r.ts̻	t.u	t.a.ts.a.n	ǁ.ũ.ũ	i.ŋ.i	f.ö.ʐ.ö	ʃ.ɨ.n.i	iː.p.i.t	ɣ.oː.ʔ	ts.ɨ.ts	n.ə.mb.i	n.a.p.a	n.a.i	k.i.dʰ.a		tʃˀ.a.o	k.i.ɣ.u.t	m.e	i.d.ə.h.a	k.o.m.p.e	j.e	w.a	k.iˀ.tʰ	t.o.ts.u.t.e	!.a.kʰ.ã	v.ə.i.x.ə	w.e	p.ɨ.t.a	j.ɐ̃	k.a.t̻.i.t̻.i	w.o.n.õ	m.a.k.a	n.a.k.ɨ	u.p.i.k.a	h.i	s.u.l.a.	m.b.a.i.t	tʃ.a.x.k.u.x	ɡ.o.ɡ	n.o.t.i.ʔ	k.a.n.ə.t.o.k.ə
water	a.ɡ.w.a	ʂ.u.ə.i	o.m.i	m.a.j.j.a	b.a.ɲ.u	n.iː.ɭ.ɭ.u	s.u	m.i.z.ɯ	n.ɯə.k	n.a.m	m.u.l	p.i	v.i.z	tɬ.e	j.a.k.u	ʊ.s	p.s.i	x.a.ʔ	m.o.a.k.ɨ̃	tsʼ.qʼ.a.l	e.nd.ɑ.k.i	ɑː	u.m.a	d.e.h.e	w.ɨ.i.n	u.r	n.i.ɔ	tʃ.ṵ.tʃ.u.t	ǁ.a.m	a.k.e	k.ö	i.tsʰ.ɨ	k.a.m	tʰ.o	n.ɨ.ʔ	k.u.l.a.k	l.i	ɨ.n.ts.a	b.a.i.dʰ.o		ɡ‖.u	i.m.ɜ.q	ts.e.l	b.u	t.u.u	t.u.n.a	m.ɨ.d.ɨ.m.a	j.u.ʔ	ʔ.i.n.o.t	tsʼ.a	m.u.k.ə	e.t.a.ɢ.a.t	d.e.ʔ.a	ŋ.ɡ.o.j	k.a.p.i	p.iː.t.a.ʐ.aː.n.ã.ẽ	o.m.p.a.ʂ		a.k.o	h.o	k.w.a.z.i	a.j.a	a.x.i.j.a.x	b.u	o.k.a.ʔ	a.m.a
what?	k.e	ʂ.ə.n.m.ə		ʔ.eː	a.p.a	eː.m.i.ʈ.i	n.e	n.a.n.i	z.i	a.r.a.j	m.w.ʌ	a.ŋ.ɔ	m.i	l.a.ʈʂ.i	i.m.a	j.uː	s.i.t	x.a.s	x.e	r.a	ɑ.k.i	tɬ.e	k.u.n.a	t.e	k.a.s.a	s̻.e.r	d.e.r.e	t.uː	t.a.e	k.i.j.a	tʃ.ë.m	a.m.p.e	k.iː.k.w.a.j	j.aː.h	tʲ.iː	s.a.m.u	b.a	w.a.r.i.m	kʼ.ã.r.e		m̩.tʃ.a	s.u.n.a	b.o.t.a.n	m.a.k.a	o.u	ɨ.h	ʒ.u.m.a	k.iʰ		h.o.tʃ.o.o	a.i	n.e.ɡ.e	t.a̰.ʔ.a.k.ɨ	n.d.ɛ	n̻.a.a	d.eː	j.a.ɰ.ɯ	e.ʃ.i	j.ḛ̃.e	b.i.t.u	ʃ.i	b.a.w.i.a	d.a.x.e.ʔ	m.a.ŋ.o	n.ã.t.a	k.a.t.o
who?	k.j.e.n	ʂ.ə.i		m.iː.n	ʂ.a.p.a	e.w.a.ɾ.u	k.i.m	d.a.r.e	a.j	kʰ.r.a.j	n.u.ɡ.u	ŋ.a.n.o	k.i	t.o.t.u	p.i	x.ə.n	x.ə.t	x.a.tʃ.i.n	m.a.ʋ.a	v.i.n	ɑ.p.i		kʰ.i.t.i	t.o.ʔ.o	x.a.r.a.i	n.o.r	n.i.r.e	t.iː	t.a.i	n.a.ɡ.o.o.n.a	ɪ.ɲ.ë.j	n.e	a.w.iː.n.a		ʔ.iː	k.i.j.a.nd.ə	j.a	j.aː	k.a.i.dʰ.a		m̩.dʒ.e	k.i.n.a	m.e.n	h.i.n.ə	p.a	a.n.ɨ	l.o.o.m.a	k.i.m		h.o	v.ə	n.e.ɡ.e	t.e.ʔ.e	ũ	ŋ.a.n.a	h.i.p.a	ts.o.a	w.e.t.i	d.o.a	s.i.n.a	m.ɨ.n	a.w.i.a	d.ɨ.x.e.x	a.m.b.a.n	k.a.t.a	k.a.k.o
wide	a.n.tʃ	kʰ.u.a.n	ɡb.o.r.o	w.aː.s.i.ʕ	a.m.b.a	w.e.ɽ.a.l.p.u	ɟ.e.n.i.ʃ	h.i.r.o	z.o.ŋ	k.w.aː.ŋ	n.ʌ.l.b	l.a.a.tʃ	s.eː.l.ɛ.ʃ	tɬ.a.ŋ	s.a.kʰ.a	a.k.ʊː	b.ʁʷ.ə	l.i.kʼ.i.l.i.k	p.ɨ.k.a.t.u	pʰ.a.r.tʰ.o		p.ɑ.tɬ.ɑː.w.ɑ	pʰ.u.ʎ.tʃ.u	n.ʃ.i.d.i	x.e.r.u.ɺ.aː	s̻.a.b.a.l		t.iː.t.l.a.n.k.a̰	h.a.ɾ.a	ŋ.o.h.a		k.o	m.a.h.k.i		w.ɨ.t.i		j.a.h.p.a	w.a.n.k.a.r.a.m	h.e.d.d.e.a		kʰ.a.l.a	n.ɜ.ʁ.u.t.u.s.ɔː.q	ɕ.o.q.u.m	k.ɛ.w	k.a.m.a.ɡ.a.t.i	a.w.e.n.e.h	ɲ.a.a.m	t.a.p.e	tʃ.i.ts.a.χ.h.u	!.w.a.k.a	o.n.ʈʂ.o	q.a.l.o	t.a.tʃ.i.n.ɨ		l.i.p.i	a.j.a.i	p.ɯ.ʂ.t.i.n		s.e.ʋ.a	b.e.ɾ.ẽ	a.i.ʒ	m.a.s.e		w.a.w.a.ɡ	a.w.a.t.t.a	a.j.a.tʰ.e.n.a
wind	b.j.e.n.t.o	f.ə.ŋ	a.f.e.f.e	h.a.w.a	a.ŋ.i.n	ɡ.aː.l.i	ɾ.y.z.ɟ.a.ɾ	k.a.z.e	z.ɔ	l.o.m	b.a.l.a.m	j.a.m.ɔ	s.eː.l	tɕ.uɑ	w.a.j.r.a	s.ɛ.lʲ.xʲ	ʑ.i	k.i.a.q.i.qʼ	ɨ.ʋ.ɨ.t.u	kʰ.a.r.i	p.o.o		tʰ.a.j.a	n.d.ã.h.i	x.o.u.k.t.a.i	a.i.s̻.e	m.u.r.i.e	ṵː.n	ŋ̊ǂˀ.o.a	p.a.r.o	k.ɘ.ʐ.ɘ.f	t.a.ɽ.j.a.t.a	ð.o.t.i.n		s.aː.w.a	w.i.m.u.t	t.n.a.w.a	m.a.j.a.i	nʼ.ã.ũ.r.a		‖.oˀ.l.i	a.n.ɔ.ʁ.i	t.i.ʂ	a.l.u	k.a.k.a.ɡ.u	a.s.i.t.u.n	b.a.l.a.m.b	w.e.hʲ.a	ʔ.i.h.w.o.kʷ	w.e.kʰ.ẽ	ə.d.u.n	l.a.ʔ.a.t	b.u.a.n.e.k.ɨ	k.ɐ̃.k.a	w.a.ɭ.p.a	h.o.w.iː.b.o	n.i.w.ɯ	w.a.t.o.r.i	ʋ.ɨ̰.d.o	a.h.a.k.a	i.i.n.k.w.a	ɸ.o.s	ɨ.ʔ.ts.o.p.x.a.x	e.f.e.f	f.i.o.p.a	k.a.n.o.l.ə.s
wing	a.l.a	ʈʂʰ.ɹ̩		ɡ.i.n.aː.ħ	ʂ.w.i.w.i	ɾ.e.k.k.a	k.a.n.a.t	t.ɯ.b.a.s.a	k.ɛ.ŋ	p.iː.k		b.u.o.m	s.aː.r.ɲ	t.i	r.j.e.r.a		d.a.m.ə	x.i.kʼ	p.e.p.o	pʰ.r.tʰ.a	p.ɑ.p.ɑ		tʃʰ.i.qʰ.a	h.w.a	a.t.ɨ.n.a	e.ɡ.o		p.a.q.a.n	ǁ.a.w.o		m.ɘ.p.ʊ	k.a.ʃ.u.ɽ.a	t.a.h.t.a.h.k.w.a.n	tʼ.a.ʔ	s.a.h	p.a.j.ə.k	t.n.a.w.a	n.a.n.a.p	i		ɡ‼ʰ.a.b.a	i.s.ɑ.ʁ.ɔ.q	ɡ.a.l.ɡ.i	n.o.d.o	k.u.p.o	j.a.p.ɨ.r.i	p.a		t.o.ɬ.e.fʷ	k.o.b.a	a.s.χ.a	a.w.a	p.ḛ.a.t.ɨ	f.ɛ̃.ɾ	n̻.a.l.p.i	p.e.k.o.ʐ.o.ɸ.e.t.o	p.ɯ.i	h.a.k.o.s.i	ʋ.ɨː.d.o	w.i.h.i	i.l.ʃ.a.p	m.a.i.m	ɨ.x.a.ʔ.b.ɛ.ʔ	a.ŋ.l.a.ɡ	a.ɬ.i	k.o.j.a.t.e
wood	m.a.d.e.ɾ.a	m.u	p.a.k.o	x.a.ʃ.a.b	k.a.j.u	k.a.ɾ.ɾ.a	o.d.u.n	k.i	ɣ.o	m.a.j	n.a.m.u	j.ɪ.ɛ.n	f.ɔ	nt.o.ŋ	kʼ.u.ʎ.u	m.ɔ.t	p.ħ.ə	tʃ.e.ʔ	ɨ.ʋ.ɨ.ɾ.a	x.e	i.t.ɑ	kʷ.ɑ	l.a.w.a	z.a	w.u.n.u.ʔ.u	o.o.l		k.ḭ.w.ḭ	ŋ!.a.o	ɡ.o.t.a	m.ɜ.m.ʉ.ʎ	tʃ.kʰ.a.r.i	aː.h.t.i.k.w	tʃʰ.i.ʒ	k.u.j	m.i	d.u.s		b.a.k.u.r.u		!.o.b.e	q.i.s.u.k	h.u.n	o	k.u.i	j.e.i	m.o.p	ɸ.j.t.ũ	h.a.ʔl.o	p.ẽ.ɡ.o	m.o.o	e.p.a.q	n.ã.ĩ	k.a	p.u.ɳ.u		h.i.ɥ.i		j.u.k.ɨ	d.a.u		a.r.a	d.a.u.ʔ.ts.o.ʔ.d.a.ʔ	a.ɡ.a	i.t.t.i.ʔ	a.t.a
yesterday	a.ɟʝ.e.ɾ	ts.u.ə	a.n.a	ʔ.i.m.b.aː.ɾ.i.ħ	w.i.ŋ.i	n.i.n.n.a	d.y.n	k.i.n.oː		w.aː.n	ʌ.dʑ.e	ɲ.o.r.o	t.ɛ.ɡ.n.ɔ.p		q.a.j.n.a	o.tʃʰ.i.k.t.o.r	d.i.ʁʷ.a.s.ə	i.w.i.r	kʷ.e.x.e	ɡ.u.ʃ.i.n	k.u.ɑ.k.ɑ	j.ɑː.l.w.ɑ	w.a.s.u.r.u	m.ã.n.d.e	s.o.ʔ.u.k.a.ɺ.i.n.k.a	a.ts̻.o	x.õ.d.e.n.i	q.oː.t.a.n.a̰	ŋ̊ǁˀ.a.ɾ.i	k.a.ɡ.u.n.u.ɡ.o	w.ɪ.j.ɜ		o.t.aː.k.o.s.iː		m.a.t.ɨ.ʔ.k	n.a.l.ə	n.a.x.w.a.l.a	j.a.u	n.u.w.e.n.a		‖ʰ.a.e	i.pː.a.sː.ɑ.q	s.aː.ʈ.i.k	w.e.n.a	t.o.ɡ.e.ɡ.a	k.ɔ.h.m.a.n.p.r.a	b.u.d.a.n	ũˀ.n.a			s.i.q.s.ə	ʃ.i.k.a.i.t	ĩ.n.e.ʔ		m.u.ŋ.a.r.t̻.i	k.a.n.ĩ.v.i	β.a.k.i.ʃ	w.ɨ.j.a.h.a	k.ã.d.ɨ	k.a.h.e	a.n.ʃ.i.k	i.i.s		a.m.u	p.i.l.aː.ʃ.aː.ʃ	s.a.h.i
